省,市,累计,1-10,1-16,1-17,1-18,1-19,1-20,1-21,1-22,1-23,1-24,1-25,1-26,1-27,1-28,1-29,1-30,1-31,2-1,2-2,2-3,2-4,2-5,2-6,2-7,2-8,2-9,2-10,2-11,2-12,2-13,2-14,2-15,2-16,2-17,2-18,2-19,2-20,2-21,2-22,2-23,2-24,2-25,2-26,2-27,2-28,2-29,3-1,3-2,
湖北,,67217,41,4,17,59,77,72,105,69,105,180,323,371,1291,840,1032,1220,1347,1921,2103,2345,3156,2987,2447,2841,2147,2531,2097,1638,13797,4801,2431,1843,1926,1772,1746,775,436,366,630,398,499,401,409,318,423,570,196,114,
湖北,武汉市,49368,41,4,17,59,77,60,105,62,70,77,46,80,892,315,356,378,576,894,1033,1242,1967,1766,1501,1985,1379,1920,1552,1104,12523,3910,1923,1548,1690,1600,1660,615,319,314,541,348,464,370,383,313,420,565,193,111,
湖北,黄石市,1014,0,0,0,0,0,0,0,0,0,0,31,5,17,33,27,55,41,43,82,71,104,57,69,68,57,45,30,39,37,32,37,3,0,0,0,2,7,5,4,4,3,3,2,0,0,1,0,0,
湖北,十堰市,672,0,0,0,0,0,0,0,0,1,4,15,20,25,23,31,31,27,35,44,35,27,35,42,43,29,14,24,31,26,23,12,5,10,14,12,5,13,3,8,2,2,0,0,0,0,1,0,0,
湖北,宜昌市,931,0,0,0,0,0,0,0,0,1,0,19,11,20,12,54,50,109,77,39,60,44,67,47,23,78,38,23,12,26,67,18,0,0,9,3,3,4,0,3,7,2,1,2,2,0,0,0,0,
湖北,襄阳市,1175,0,0,0,0,0,0,0,0,0,0,2,34,34,61,32,123,61,94,107,84,103,52,51,69,81,31,44,25,13,10,17,16,11,8,2,3,3,2,0,1,1,0,0,0,0,0,0,0,
湖北,鄂州市,1391,0,0,0,0,0,0,0,0,0,1,0,19,37,27,39,66,38,51,28,26,50,41,48,98,70,86,65,71,195,69,67,38,44,65,4,25,5,2,4,4,2,2,2,0,1,1,0,0,
湖北,荆门市,928,0,0,0,0,0,0,0,1,7,13,17,52,24,28,49,36,24,78,16,55,22,86,45,35,75,-22,15,40,184,16,6,7,-9,0,1,5,6,2,4,2,0,2,1,1,0,1,2,1,
湖北,孝感市,3518,0,0,0,0,0,0,0,0,22,4,29,45,73,101,125,142,87,121,169,202,342,424,255,172,123,105,101,109,123,135,105,87,78,41,24,66,17,2,14,22,17,19,15,1,1,0,0,0,
湖北,荆州市,1580,0,0,0,0,0,0,0,6,2,2,23,14,24,30,50,70,66,46,166,114,100,88,84,56,56,48,30,35,283,42,43,12,11,36,4,12,7,6,8,0,2,1,2,0,0,0,1,0,
湖北,黄冈市,2907,0,0,0,0,0,12,0,0,0,52,58,32,59,111,172,77,153,276,244,176,223,162,90,144,100,111,80,66,230,163,26,6,5,0,16,22,17,16,5,0,0,0,0,0,0,1,0,2,
湖北,咸宁市,836,0,0,0,0,0,0,0,0,0,0,43,21,27,21,18,36,40,40,50,52,36,15,44,33,17,14,8,10,7,200,108,12,9,-29,0,2,0,2,0,0,0,0,0,0,0,0,0,0,
湖北,随州市,1307,0,0,0,0,0,0,0,0,0,5,31,16,18,46,27,85,76,80,74,183,65,128,81,38,31,65,46,34,31,44,28,22,13,11,2,8,4,4,4,3,2,1,1,0,0,0,0,0,
湖北,恩施州,252,0,0,0,0,0,0,0,0,0,11,6,8,13,13,15,9,12,18,6,12,15,6,13,3,11,16,8,8,26,8,7,3,2,0,0,0,1,1,0,0,0,0,0,0,1,0,0,0,
湖北,仙桃市,575,0,0,0,0,0,0,0,0,2,8,1,1,15,5,23,35,7,43,29,19,37,40,42,52,20,37,22,22,20,20,14,9,8,13,18,5,1,3,0,2,2,0,0,0,0,0,0,0,
湖北,潜江市,198,0,0,0,0,0,0,0,0,0,0,0,5,2,1,2,2,15,8,0,9,10,10,10,6,2,3,5,0,4,10,12,50,16,3,0,0,3,1,2,3,1,1,1,1,0,0,0,0,
湖北,天门市,496,0,0,0,0,0,0,0,0,0,3,2,8,10,11,10,23,15,17,16,2,11,10,25,16,18,20,44,32,69,52,8,25,38,1,0,2,4,1,1,0,1,1,0,0,0,0,0,0,
湖北,神农架林区,11,0,0,0,0,0,0,0,0,0,0,0,0,1,2,2,2,0,0,0,3,0,0,0,0,0,0,0,0,0,0,0,0,0,0,0,0,0,1,0,0,0,0,0,0,0,0,0,0,
湖北,监狱,58,0,0,0,0,0,0,0,0,0,0,0,0,0,0,0,0,0,0,0,0,0,0,0,0,0,0,0,0,0,0,0,0,0,0,0,0,25,1,32,0,0,0,0,0,0,0,0,0,
贵州,,146,0,0,0,0,0,0,0,3,0,1,1,2,2,0,3,3,14,9,8,10,8,5,8,12,7,13,9,13,4,5,3,1,2,0,0,0,0,0,0,0,0,0,0,0,0,0,0,0,
贵州,贵阳市,36,0,0,0,0,0,0,0,1,0,0,0,0,0,0,0,0,3,2,1,3,2,3,3,0,4,5,2,0,4,1,0,0,2,0,0,0,0,0,0,0,0,0,0,0,0,0,0,0,
贵州,六盘水市,10,0,0,0,0,0,0,0,0,0,0,0,1,0,0,0,3,4,0,1,0,0,0,0,0,1,0,0,0,0,0,0,0,0,0,0,0,0,0,0,0,0,0,0,0,0,0,0,0,
贵州,遵义市,32,0,0,0,0,0,0,0,0,0,0,0,0,0,0,1,0,3,1,3,1,0,0,3,3,0,4,4,2,0,3,3,1,0,0,0,0,0,0,0,0,0,0,0,0,0,0,0,0,
贵州,安顺市,4,0,0,0,0,0,0,0,0,0,0,0,0,0,0,0,0,0,2,0,0,1,0,1,0,0,0,0,0,0,0,0,0,0,0,0,0,0,0,0,0,0,0,0,0,0,0,0,0,
贵州,毕节市,23,0,0,0,0,0,0,0,0,0,0,0,0,0,0,1,0,2,1,0,4,3,2,0,8,0,0,0,1,0,1,0,0,0,0,0,0,0,0,0,0,0,0,0,0,0,0,0,0,
贵州,铜仁市,10,0,0,0,0,0,0,0,1,0,1,0,0,0,0,0,0,1,0,3,0,0,0,0,0,1,1,1,1,0,0,0,0,0,0,0,0,0,0,0,0,0,0,0,0,0,0,0,0,
贵州,黔西南州,4,0,0,0,0,0,0,0,0,0,0,1,0,0,0,0,0,0,0,0,1,1,0,0,1,0,0,0,0,0,0,0,0,0,0,0,0,0,0,0,0,0,0,0,0,0,0,0,0,
贵州,黔东南州,10,0,0,0,0,0,0,0,0,0,0,0,0,0,0,1,0,1,2,0,0,1,0,0,0,1,2,2,0,0,0,0,0,0,0,0,0,0,0,0,0,0,0,0,0,0,0,0,0,
贵州,黔南州,17,0,0,0,0,0,0,0,1,0,0,0,1,2,0,0,0,0,1,0,1,0,0,1,0,0,1,0,9,0,0,0,0,0,0,0,0,0,0,0,0,0,0,0,0,0,0,0,0,
山东,,758,0,0,0,0,0,0,1,5,3,12,18,24,24,34,24,33,24,23,21,24,28,45,36,28,28,24,27,11,9,13,11,7,4,2,1,2,202,2,4,1,0,1,0,0,0,0,2,0,0,
山东,济南市,47,0,0,0,0,0,0,0,0,0,2,1,4,3,1,3,2,2,1,3,3,4,4,6,3,0,2,2,1,0,0,0,0,0,0,0,0,0,0,0,0,0,0,0,0,0,0,0,0,0,
山东,青岛市,60,0,0,0,0,0,0,1,2,0,1,2,4,3,2,3,3,0,1,3,4,5,7,2,3,1,5,1,0,0,0,3,1,0,1,1,0,0,0,0,1,0,0,0,0,0,0,0,0,0,
山东,淄博市,30,0,0,0,0,0,0,0,0,0,0,1,1,0,2,2,2,2,2,0,0,2,0,1,0,1,0,3,1,3,3,2,1,0,0,0,0,0,1,0,0,0,0,0,0,0,0,0,0,0,
山东,枣庄市,24,0,0,0,0,0,0,0,0,0,0,0,0,2,6,0,1,2,3,1,1,1,0,2,0,2,0,2,0,0,0,1,0,0,0,0,0,0,0,0,0,0,0,0,0,0,0,0,0,0,
山东,东营市,0,0,0,0,0,0,0,0,0,0,0,0,0,0,0,0,0,0,0,0,0,0,0,0,0,0,0,0,0,0,0,0,0,0,0,0,0,0,0,0,0,0,0,0,0,0,0,0,0,0,
山东,烟台市,47,0,0,0,0,0,0,0,0,0,2,0,2,4,2,3,5,2,0,2,4,0,3,2,3,2,3,2,2,3,0,0,0,1,0,0,0,0,0,0,0,0,0,0,0,0,0,0,0,0,
山东,潍坊市,44,0,0,0,0,0,0,0,0,1,0,1,1,0,2,2,1,1,1,3,0,3,5,6,2,5,3,1,0,0,3,1,1,1,0,0,0,0,0,0,0,0,0,0,0,0,0,0,0,0,
山东,济宁市,260,0,0,0,0,0,0,0,0,0,2,2,1,0,0,3,0,2,4,4,3,2,9,3,3,1,0,2,1,1,3,3,2,1,0,0,0,201,0,4,0,0,1,0,0,0,0,2,0,0,
山东,泰安市,35,0,0,0,0,0,0,0,0,0,0,0,0,1,2,0,0,2,4,2,1,2,4,2,0,3,3,6,0,0,0,0,0,0,0,0,1,1,1,0,0,0,0,0,0,0,0,0,0,0,
山东,威海市,38,0,0,0,0,0,0,0,1,1,1,1,3,3,1,3,5,5,0,1,0,2,1,2,2,2,1,2,1,0,0,0,0,0,0,0,0,0,0,0,0,0,0,0,0,0,0,0,0,0,
山东,日照市,16,0,0,0,0,0,0,0,0,1,1,2,1,1,1,1,1,1,1,1,2,0,0,0,0,1,0,0,0,0,0,0,1,0,0,0,0,0,0,0,0,0,0,0,0,0,0,0,0,0,
山东,莱芜市,0,0,0,0,0,0,0,0,0,0,0,0,0,0,0,0,0,0,0,0,0,0,0,0,0,0,0,0,0,0,0,0,0,0,0,0,0,0,0,0,0,0,0,0,0,0,0,0,0,0,
山东,临沂市,49,0,0,0,0,0,0,0,2,0,1,4,0,1,7,1,4,3,1,0,3,3,2,3,3,2,2,2,1,0,2,0,0,0,1,0,1,0,0,0,0,0,0,0,0,0,0,0,0,0,
山东,德州市,37,0,0,0,0,0,0,0,0,0,1,2,3,2,3,0,5,1,2,0,0,0,7,1,1,2,2,0,1,2,0,1,1,0,0,0,0,0,0,0,0,0,0,0,0,0,0,0,0,0,
山东,聊城市,38,0,0,0,0,0,0,0,0,0,1,0,0,2,0,2,2,0,2,0,1,2,3,5,7,6,1,3,1,0,0,0,0,0,0,0,0,0,0,0,0,0,0,0,0,0,0,0,0,0,
山东,滨州市,15,0,0,0,0,0,0,0,0,0,0,1,2,1,2,1,2,0,1,0,1,0,0,0,0,0,0,0,1,0,2,0,0,1,0,0,0,0,0,0,0,0,0,0,0,0,0,0,0,0,
山东,菏泽市,18,0,0,0,0,0,0,0,0,0,0,1,2,1,3,0,0,1,0,1,1,2,0,1,1,0,2,1,1,0,0,0,0,0,0,0,0,0,0,0,0,0,0,0,0,0,0,0,0,0,
吉林,,93,0,0,0,0,0,0,0,1,2,1,0,2,2,1,5,-1,4,6,8,11,12,5,6,4,9,2,1,2,1,2,2,1,0,0,1,1,0,0,0,2,0,0,0,0,0,0,0,0,
吉林,长春市,45,0,0,0,0,0,0,0,1,0,0,0,0,0,0,3,-1,4,6,4,1,10,1,3,0,5,2,1,2,0,1,1,1,0,0,0,0,0,0,0,0,0,0,0,0,0,0,0,0,
吉林,吉林市,5,0,0,0,0,0,0,0,0,1,1,0,0,1,0,0,0,0,0,1,1,0,0,0,0,0,0,0,0,0,0,0,0,0,0,0,0,0,0,0,0,0,0,0,0,0,0,0,0,
吉林,四平市,15,0,0,0,0,0,0,0,0,0,0,0,1,0,0,0,0,0,0,3,3,1,1,1,0,2,0,0,0,1,1,0,0,0,0,1,0,0,0,0,0,0,0,0,0,0,0,0,0,
吉林,辽源市,7,0,0,0,0,0,0,0,0,0,0,0,0,0,0,0,0,0,0,0,3,0,2,0,1,0,0,0,0,0,0,1,0,0,0,0,0,0,0,0,0,0,0,0,0,0,0,0,0,
吉林,通化市,6,0,0,0,0,0,0,0,0,0,0,0,0,0,1,0,0,0,0,0,0,0,0,1,0,1,0,0,0,0,0,0,0,0,0,0,1,0,0,0,2,0,0,0,0,0,0,0,0,
吉林,白山市,0,0,0,0,0,0,0,0,0,0,0,0,0,0,0,0,0,0,0,0,0,0,0,0,0,0,0,0,0,0,0,0,0,0,0,0,0,0,0,0,0,0,0,0,0,0,0,0,0,
吉林,松原市,2,0,0,0,0,0,0,0,0,1,0,0,1,0,0,0,0,0,0,0,0,0,0,0,0,0,0,0,0,0,0,0,0,0,0,0,0,0,0,0,0,0,0,0,0,0,0,0,0,
吉林,白城市,1,0,0,0,0,0,0,0,0,0,0,0,0,0,0,0,0,0,0,0,0,0,0,0,1,0,0,0,0,0,0,0,0,0,0,0,0,0,0,0,0,0,0,0,0,0,0,0,0,
吉林,延边州,5,0,0,0,0,0,0,0,0,0,0,0,0,0,0,2,0,0,0,0,1,0,1,1,0,0,0,0,0,0,0,0,0,0,0,0,0,0,0,0,0,0,0,0,0,0,0,0,0,
吉林,公主岭市,6,0,0,0,0,0,0,0,0,0,0,0,0,1,0,0,0,0,0,0,2,1,0,0,2,0,0,0,0,0,0,0,0,0,0,0,0,0,0,0,0,0,0,0,0,0,0,0,0,
吉林,梅河口市,1,0,0,0,0,0,0,0,0,0,0,0,0,0,0,0,0,0,0,0,0,0,0,0,0,1,0,0,0,0,0,0,0,0,0,0,0,0,0,0,0,0,0,0,0,0,0,0,0,
上海,,338,0,0,0,0,0,2,7,7,4,13,7,13,13,14,21,27,25,24,16,15,25,21,15,12,11,3,7,4,7,5,8,2,3,2,0,0,1,0,1,0,0,1,1,0,0,0,0,1,
上海,全部,338,0,0,0,0,0,2,7,7,4,13,7,13,13,14,21,27,25,24,16,15,25,21,15,12,11,3,7,4,7,5,8,2,3,2,0,0,1,0,1,0,0,1,1,0,0,0,0,1,
河北,,318,0,0,0,0,0,0,0,1,1,6,5,5,15,15,17,17,14,8,9,13,9,22,14,24,11,12,21,12,14,18,8,9,1,1,4,1,1,1,2,0,0,1,5,1,0,0,0,0,
河北,石家庄市,29,0,0,0,0,0,0,0,1,0,3,1,2,2,1,1,0,1,1,3,5,0,3,0,0,0,1,2,0,0,0,0,1,0,0,0,0,0,1,0,0,0,0,0,0,0,0,0,0,
河北,唐山市,58,0,0,0,0,0,0,0,0,0,0,0,0,1,2,0,4,1,3,0,0,1,5,2,4,4,1,3,2,2,8,3,5,0,0,4,1,1,0,1,0,0,0,0,0,0,0,0,0,
河北,秦皇岛市,10,0,0,0,0,0,0,0,0,0,0,0,0,0,0,0,0,1,0,1,0,1,0,2,2,0,0,2,0,0,0,1,0,0,0,0,0,0,0,0,0,0,0,0,0,0,0,0,0,
河北,邯郸市,32,0,0,0,0,0,0,0,0,0,0,2,0,2,0,2,1,3,1,0,3,0,4,4,4,1,0,0,2,2,0,0,0,0,0,0,0,0,0,1,0,0,0,0,0,0,0,0,0,
河北,邢台市,23,0,0,0,0,0,0,0,0,0,0,0,1,1,1,2,2,3,0,4,2,0,3,0,2,0,0,0,0,0,1,0,0,1,0,0,0,0,0,0,0,0,0,0,0,0,0,0,0,
河北,保定市,32,0,0,0,0,0,0,0,0,0,1,2,0,0,3,1,4,0,2,0,0,4,0,1,0,3,5,4,1,0,0,1,0,0,0,0,0,0,0,0,0,0,0,0,0,0,0,0,0,
河北,张家口市,41,0,0,0,0,0,0,0,0,0,0,0,0,0,1,5,0,2,1,0,0,1,2,1,1,0,3,4,0,4,6,2,1,0,0,0,0,0,0,0,0,0,1,5,1,0,0,0,0,
河北,承德市,7,0,0,0,0,0,0,0,0,0,1,0,0,0,0,1,0,0,0,0,1,1,1,1,1,0,0,0,0,0,0,0,0,0,0,0,0,0,0,0,0,0,0,0,0,0,0,0,0,
河北,沧州市,48,0,0,0,0,0,0,0,0,1,1,0,0,3,3,4,6,1,0,0,1,0,1,2,5,0,0,4,5,5,3,1,1,0,1,0,0,0,0,0,0,0,0,0,0,0,0,0,0,
河北,廊坊市,30,0,0,0,0,0,0,0,0,0,0,0,2,4,3,0,0,2,0,1,0,1,1,1,5,2,2,2,2,1,0,0,1,0,0,0,0,0,0,0,0,0,0,0,0,0,0,0,0,
河北,衡水市,8,0,0,0,0,0,0,0,0,0,0,0,0,2,1,1,0,0,0,0,1,0,2,0,0,1,0,0,0,0,0,0,0,0,0,0,0,0,0,0,0,0,0,0,0,0,0,0,0,
浙江,,1213,0,0,0,0,0,0,5,5,33,19,42,24,45,123,132,109,62,62,63,105,66,57,48,38,26,28,25,14,14,10,7,5,4,1,1,2,28,2,0,0,0,0,0,0,0,0,1,7,
浙江,杭州市,169,0,0,0,0,0,0,1,0,5,6,15,0,5,19,18,16,13,12,8,14,9,8,1,2,2,1,2,2,3,3,1,0,2,0,0,1,0,0,0,0,0,0,0,0,0,0,0,0,
浙江,宁波市,157,0,0,0,0,0,0,0,3,2,1,7,0,4,3,21,5,9,11,9,27,18,6,10,5,5,3,2,2,0,0,1,1,1,0,0,0,1,0,0,0,0,0,0,0,0,0,0,0,
浙江,温州市,504,0,0,0,0,0,0,2,2,2,4,8,14,28,54,58,55,14,24,26,49,24,32,25,17,10,16,10,7,9,6,3,3,1,1,0,0,0,0,0,0,0,0,0,0,0,0,0,0,
浙江,嘉兴市,45,0,0,0,0,0,0,0,0,3,1,4,0,3,3,2,0,2,1,0,4,4,3,5,2,1,2,0,2,0,0,1,0,0,0,1,1,0,0,0,0,0,0,0,0,0,0,0,0,
浙江,湖州市,10,0,0,0,0,0,0,0,0,0,0,1,2,0,2,0,1,0,0,3,0,0,0,0,1,0,0,0,0,0,0,0,0,0,0,0,0,0,0,0,0,0,0,0,0,0,0,0,0,
浙江,绍兴市,42,0,0,0,0,0,0,0,0,1,3,1,1,1,12,0,4,1,3,3,0,0,3,1,2,2,3,0,0,0,1,0,0,0,0,0,0,0,0,0,0,0,0,0,0,0,0,0,0,
浙江,金华市,55,0,0,0,0,0,0,0,0,1,1,1,2,2,6,7,7,7,0,2,4,4,3,1,4,1,0,0,1,1,0,0,0,0,0,0,0,0,0,0,0,0,0,0,0,0,0,0,0,
浙江,衢州市,21,0,0,0,0,0,0,0,0,2,0,1,2,0,3,2,2,1,0,1,1,0,0,0,0,0,0,6,0,0,0,0,0,0,0,0,0,0,0,0,0,0,0,0,0,0,0,0,0,
浙江,舟山市,10,0,0,0,0,0,0,1,0,0,1,0,2,0,2,0,1,0,0,0,0,0,0,0,0,0,0,3,0,0,0,0,0,0,0,0,0,0,0,0,0,0,0,0,0,0,0,0,0,
浙江,台州市,146,0,0,0,0,0,0,1,0,17,2,1,1,0,18,24,17,14,5,9,6,7,2,5,4,5,3,2,0,1,0,1,1,0,0,0,0,0,0,0,0,0,0,0,0,0,0,0,0,
浙江,丽水市,25,0,0,0,0,0,0,0,0,0,0,3,0,2,1,0,1,1,6,2,0,0,0,0,1,0,0,0,0,0,0,0,0,0,0,0,0,0,0,0,0,0,0,0,0,0,0,1,7,
浙江,省十里丰监狱,29,0,0,0,0,0,0,0,0,0,0,0,0,0,0,0,0,0,0,0,0,0,0,0,0,0,0,0,0,0,0,0,0,0,0,0,0,27,2,0,0,0,0,0,0,0,0,0,0,
浙江,境外输入,0,0,0,0,0,0,0,0,0,0,0,0,0,0,0,0,0,0,0,0,0,0,0,0,0,0,0,0,0,0,0,0,0,0,0,0,0,0,0,0,0,0,0,0,0,0,0,0,0,
安徽,,990,0,0,0,0,0,0,0,1,14,24,21,10,36,46,48,37,60,43,68,72,50,61,74,68,46,51,29,29,22,24,16,12,11,9,4,1,1,1,0,0,0,0,0,1,0,0,0,0,
安徽,合肥市,174,0,0,0,0,0,0,0,1,5,4,3,0,3,13,10,11,9,0,16,6,12,11,11,13,8,11,3,7,4,5,2,1,2,2,0,0,1,0,0,0,0,0,0,0,0,0,0,0,
安徽,芜湖市,34,0,0,0,0,0,0,0,0,0,1,2,3,3,2,3,0,1,1,0,5,2,3,1,2,0,1,1,0,0,0,0,0,0,2,0,0,0,0,0,0,0,0,0,1,0,0,0,0,
安徽,蚌埠市,160,0,0,0,0,0,0,0,0,1,0,0,2,0,0,5,7,1,10,11,6,5,16,24,11,16,11,8,7,5,3,4,4,1,0,1,1,0,0,0,0,0,0,0,0,0,0,0,0,
安徽,淮南市,27,0,0,0,0,0,0,0,0,0,0,1,1,0,0,4,0,0,0,1,1,4,0,2,7,1,1,0,0,0,0,0,1,1,2,0,0,0,0,0,0,0,0,0,0,0,0,0,0,
安徽,马鞍山市,38,0,0,0,0,0,0,0,0,0,4,3,0,3,1,3,0,8,5,1,0,2,0,0,1,0,0,1,0,0,2,1,1,0,0,1,0,0,1,0,0,0,0,0,0,0,0,0,0,
安徽,淮北市,27,0,0,0,0,0,0,0,0,0,0,1,0,1,0,0,0,4,0,2,3,3,3,5,0,1,0,1,0,1,0,1,0,1,0,0,0,0,0,0,0,0,0,0,0,0,0,0,0,
安徽,铜陵市,29,0,0,0,0,0,0,0,0,0,3,0,0,6,0,1,4,2,0,2,1,0,1,2,1,1,1,2,0,1,0,0,0,0,1,0,0,0,0,0,0,0,0,0,0,0,0,0,0,
安徽,安庆市,77,0,0,0,0,0,0,0,0,1,3,1,3,0,6,4,0,13,6,4,8,1,4,6,5,4,3,2,0,0,1,1,0,1,0,0,0,0,0,0,0,0,0,0,0,0,0,0,0,
安徽,黄山市,9,0,0,0,0,0,0,0,0,0,0,1,0,3,3,0,2,0,0,0,0,0,0,0,0,0,0,0,0,0,0,0,0,0,0,0,0,0,0,0,0,0,0,0,0,0,0,0,0,
安徽,滁州市,13,0,0,0,0,0,0,0,0,1,1,0,0,2,0,0,0,2,0,2,3,0,0,0,0,0,1,0,0,1,0,0,0,0,0,0,0,0,0,0,0,0,0,0,0,0,0,0,0,
安徽,阜阳市,155,0,0,0,0,0,0,0,0,2,5,3,0,11,2,5,10,9,12,6,14,5,11,10,8,5,7,7,6,4,4,4,2,1,1,1,0,0,0,0,0,0,0,0,0,0,0,0,0,
安徽,宿州市,41,0,0,0,0,0,0,0,0,0,0,2,1,0,6,1,0,2,2,7,2,1,1,2,1,0,3,2,3,2,1,0,0,1,1,0,0,0,0,0,0,0,0,0,0,0,0,0,0,
安徽,六安市,69,0,0,0,0,0,0,0,0,2,0,1,0,1,2,2,1,4,0,7,10,4,2,5,10,3,3,2,0,1,1,2,2,3,0,1,0,0,0,0,0,0,0,0,0,0,0,0,0,
安徽,亳州市,108,0,0,0,0,0,0,0,0,1,3,2,0,2,7,5,0,5,5,9,9,10,8,6,9,6,5,0,5,3,6,1,1,0,0,0,0,0,0,0,0,0,0,0,0,0,0,0,0,
安徽,池州市,17,0,0,0,0,0,0,0,0,1,0,0,0,0,0,1,2,0,2,0,4,1,0,0,0,1,3,0,1,0,1,0,0,0,0,0,0,0,0,0,0,0,0,0,0,0,0,0,0,
安徽,宣城市,6,0,0,0,0,0,0,0,0,0,0,1,0,1,0,2,0,0,0,0,0,0,1,0,0,0,1,0,0,0,0,0,0,0,0,0,0,0,0,0,0,0,0,0,0,0,0,0,0,
安徽,宿松县,6,0,0,0,0,0,0,0,0,0,0,0,0,0,4,2,0,0,0,0,0,0,0,0,0,0,0,0,0,0,0,0,0,0,0,0,0,0,0,0,0,0,0,0,0,0,0,0,0,
湖南,,1018,0,0,0,0,0,0,1,3,20,19,26,31,43,78,56,55,57,74,58,72,68,50,61,31,35,41,33,34,22,20,13,3,2,1,1,2,1,2,3,0,0,0,1,0,1,0,0,0,
湖南,长沙市,242,0,0,0,0,0,0,1,0,7,0,10,4,2,22,11,11,18,26,13,23,16,15,11,6,9,8,6,4,5,10,3,0,0,0,0,1,0,0,0,0,0,0,0,0,0,0,0,0,
湖南,株洲市,80,0,0,0,0,0,0,0,0,1,0,2,2,2,6,5,1,3,3,1,8,4,3,5,2,10,3,7,3,4,2,1,0,0,0,0,0,0,1,1,0,0,0,0,0,0,0,0,0,
湖南,湘潭市,36,0,0,0,0,0,0,0,0,1,1,1,1,2,2,1,1,3,3,3,2,2,1,1,3,0,3,1,0,0,2,1,0,0,0,0,0,0,1,0,0,0,0,0,0,0,0,0,0,
湖南,衡阳市,48,0,0,0,0,0,0,0,0,0,3,0,1,3,10,3,5,1,4,2,3,4,4,0,0,2,0,0,0,0,1,1,0,1,0,0,0,0,0,0,0,0,0,0,0,0,0,0,0,
湖南,邵阳市,102,0,0,0,0,0,0,0,0,0,2,0,6,3,8,10,7,5,8,2,4,13,6,9,3,1,2,2,3,5,1,0,1,0,0,1,0,0,0,0,0,0,0,0,0,0,0,0,0,
湖南,岳阳市,156,0,0,0,0,0,0,0,0,3,2,1,1,10,9,3,8,8,8,17,13,6,4,14,4,4,9,10,12,2,1,4,1,0,1,0,1,0,0,0,0,0,0,0,0,0,0,0,0,
湖南,常德市,82,0,0,0,0,0,0,0,0,0,3,4,5,7,7,4,7,2,3,3,5,6,6,2,2,0,6,1,2,2,1,0,1,0,0,0,0,1,0,2,0,0,0,0,0,0,0,0,0,
湖南,张家界市,5,0,0,0,0,0,0,0,0,0,0,0,0,0,0,1,0,1,1,0,0,0,0,2,0,0,0,0,0,0,0,0,0,0,0,0,0,0,0,0,0,0,0,0,0,0,0,0,0,
湖南,益阳市,60,0,0,0,0,0,0,0,0,0,4,0,3,3,4,3,3,4,3,3,5,5,1,2,1,2,7,1,4,1,0,0,0,0,0,0,0,0,0,0,0,0,0,0,0,1,0,0,0,
湖南,郴州市,39,0,0,0,0,0,0,0,0,1,0,2,3,1,0,3,2,1,5,3,1,2,1,4,2,1,0,1,5,0,1,0,0,0,0,0,0,0,0,0,0,0,0,0,0,0,0,0,0,
湖南,永州市,44,0,0,0,0,0,0,0,0,4,0,0,0,3,4,3,2,2,4,4,0,4,2,6,2,0,1,1,1,0,0,0,0,0,0,0,0,0,0,0,0,0,0,1,0,0,0,0,0,
湖南,怀化市,40,0,0,0,0,0,0,0,3,0,2,3,3,5,2,5,3,2,3,1,3,0,1,2,0,1,0,0,0,0,0,1,0,0,0,0,0,0,0,0,0,0,0,0,0,0,0,0,0,
湖南,娄底市,76,0,0,0,0,0,0,0,0,3,2,0,2,2,4,3,4,6,3,6,5,5,6,2,6,5,2,3,0,3,1,2,0,1,0,0,0,0,0,0,0,0,0,0,0,0,0,0,0,
湖南,湘西自治州,8,0,0,0,0,0,0,0,0,0,0,3,0,0,0,1,1,1,0,0,0,1,0,1,0,0,0,0,0,0,0,0,0,0,0,0,0,0,0,0,0,0,0,0,0,0,0,0,0,
广东,,1350,0,0,0,0,1,13,12,6,21,25,18,50,42,53,70,82,127,84,79,114,73,74,74,57,45,31,26,42,22,20,33,22,6,6,3,1,1,6,3,3,2,0,0,1,1,0,1,0,
广东,广州市,346,0,0,0,0,0,0,2,3,2,7,0,25,12,12,16,27,31,38,14,27,21,18,29,14,6,9,4,6,4,1,7,3,1,0,0,0,0,4,2,0,1,0,0,0,0,0,0,0,
广东,韶关市,10,0,0,0,0,0,0,2,0,1,0,0,1,0,0,0,0,0,1,0,1,0,0,0,0,0,0,1,0,1,0,2,0,0,0,0,0,0,0,0,0,0,0,0,0,0,0,0,0,
广东,深圳市,418,0,0,0,0,1,8,5,1,0,5,6,10,13,14,23,24,60,26,30,43,20,25,20,17,13,4,7,11,5,9,6,8,1,1,0,0,0,1,0,0,0,0,0,0,0,0,1,0,
广东,珠海市,98,0,0,0,0,0,3,1,0,4,2,0,2,0,2,4,8,12,3,10,13,5,4,0,9,1,2,1,1,2,2,4,1,1,1,0,0,0,0,0,0,0,0,0,0,0,0,0,0,
广东,汕头市,25,0,0,0,0,0,0,0,0,0,1,1,0,3,1,6,0,2,0,3,1,2,0,2,3,0,0,0,0,0,0,0,0,0,0,0,0,0,0,0,0,0,0,0,0,0,0,0,0,
广东,佛山市,84,0,0,0,0,0,0,1,0,5,3,2,3,4,0,7,7,6,1,4,3,3,1,7,3,5,3,2,8,3,1,2,0,0,0,0,0,0,0,0,0,0,0,0,0,0,0,0,0,
广东,江门市,23,0,0,0,0,0,0,0,0,0,0,0,0,0,0,1,0,2,0,1,2,1,2,2,3,3,2,1,1,1,0,0,1,0,0,0,0,0,0,0,0,0,0,0,0,0,0,0,0,
广东,湛江市,22,0,0,0,0,0,1,1,0,0,0,2,1,0,2,2,2,2,1,0,1,3,1,0,1,1,0,0,0,0,1,0,0,0,0,0,0,0,0,0,0,0,0,0,0,0,0,0,0,
广东,茂名市,14,0,0,0,0,0,0,0,0,0,0,0,0,0,2,1,0,0,0,1,1,1,0,0,0,3,1,1,2,0,0,0,0,1,0,0,0,0,0,0,0,0,0,0,0,0,0,0,0,
广东,肇庆市,19,0,0,0,0,0,0,0,1,0,1,2,0,0,1,0,1,0,1,0,3,1,2,1,0,0,0,1,1,0,1,0,0,0,1,0,0,0,1,0,0,0,0,0,0,0,0,0,0,
广东,惠州市,62,0,0,0,0,0,1,0,0,4,2,1,0,3,1,5,0,3,3,5,1,2,4,4,2,6,3,3,1,1,1,2,0,0,1,3,0,0,0,0,0,0,0,0,0,0,0,0,0,
广东,梅州市,16,0,0,0,0,0,0,0,0,0,0,0,1,2,1,1,0,0,1,1,2,1,2,0,1,0,0,0,0,0,1,1,1,0,0,0,0,0,0,0,0,0,0,0,0,0,0,0,0,
广东,汕尾市,5,0,0,0,0,0,0,0,0,0,0,0,1,0,0,0,2,1,0,1,0,0,0,0,0,0,0,0,0,0,0,0,0,0,0,0,0,0,0,0,0,0,0,0,0,0,0,0,0,
广东,河源市,4,0,0,0,0,0,0,0,0,0,0,0,0,0,1,0,0,0,0,0,0,0,0,1,1,0,0,0,0,0,0,0,0,1,0,0,0,0,0,0,0,0,0,0,0,0,0,0,0,
广东,阳江市,14,0,0,0,0,0,0,0,0,3,2,1,2,0,2,0,0,0,0,0,2,0,1,0,0,0,0,0,0,0,0,0,0,0,0,0,0,0,0,0,1,0,0,0,0,0,0,0,0,
广东,清远市,12,0,0,0,0,0,0,0,0,1,1,1,0,2,1,0,0,0,0,0,2,2,0,0,0,0,0,0,2,0,0,0,0,0,0,0,0,0,0,0,0,0,0,0,0,0,0,0,0,
广东,东莞市,99,0,0,0,0,0,0,0,0,0,1,1,0,0,5,0,9,5,6,4,6,7,3,6,3,2,2,2,5,3,3,8,8,0,2,0,1,1,0,1,2,1,0,0,1,1,0,0,0,
广东,中山市,66,0,0,0,0,0,0,0,1,1,0,0,2,2,6,4,2,0,3,4,6,4,9,2,0,5,5,2,4,2,0,1,0,1,0,0,0,0,0,0,0,0,0,0,0,0,0,0,0,
广东,潮州市,5,0,0,0,0,0,0,0,0,0,0,0,0,0,0,0,0,3,0,1,0,0,1,0,0,0,0,0,0,0,0,0,0,0,0,0,0,0,0,0,0,0,0,0,0,0,0,0,0,
广东,揭阳市,8,0,0,0,0,0,0,0,0,0,0,1,2,1,2,0,0,0,0,0,0,0,1,0,0,0,0,1,0,0,0,0,0,0,0,0,0,0,0,0,0,0,0,0,0,0,0,0,0,
广东,云浮市,0,0,0,0,0,0,0,0,0,0,0,0,0,0,0,0,0,0,0,0,0,0,0,0,0,0,0,0,0,0,0,0,0,0,0,0,0,0,0,0,0,0,0,0,0,0,0,0,0,
广西,,252,0,0,0,0,0,0,0,2,11,10,10,13,5,7,20,9,13,11,16,12,11,18,4,11,12,15,5,7,0,4,9,2,1,4,2,1,1,3,0,2,1,0,0,0,0,0,0,0,
广西,南宁市,55,0,0,0,0,0,0,0,0,0,0,1,4,0,2,8,1,0,0,6,5,1,2,1,1,3,2,4,3,0,3,2,1,1,3,0,0,0,1,0,0,0,0,0,0,0,0,0,0,
广西,柳州市,24,0,0,0,0,0,0,0,0,2,1,1,2,0,0,4,1,1,0,2,1,2,3,0,0,0,2,0,0,0,0,2,0,0,0,0,0,0,0,0,0,0,0,0,0,0,0,0,0,
广西,桂林市,32,0,0,0,0,0,0,0,0,2,4,5,3,1,1,2,0,3,2,1,0,2,1,1,1,0,1,0,1,0,0,0,0,0,0,0,0,0,1,0,0,0,0,0,0,0,0,0,0,
广西,梧州市,5,0,0,0,0,0,0,0,1,0,0,1,0,2,0,0,0,1,0,0,0,0,0,0,0,0,0,0,0,0,0,0,0,0,0,0,0,0,0,0,0,0,0,0,0,0,0,0,0,
广西,北海市,44,0,0,0,0,0,0,0,1,5,0,1,2,2,2,2,2,6,0,3,1,2,2,0,1,1,2,1,3,0,1,3,0,0,1,0,0,0,0,0,0,0,0,0,0,0,0,0,0,
广西,防城港市,19,0,0,0,0,0,0,0,0,0,2,0,1,0,2,0,2,1,0,1,2,2,2,0,1,0,1,0,0,0,0,0,1,0,0,0,1,0,0,0,0,0,0,0,0,0,0,0,0,
广西,钦州市,8,0,0,0,0,0,0,0,0,0,0,0,0,0,0,1,0,0,1,0,1,1,3,0,1,0,0,0,0,0,0,0,0,0,0,0,0,0,0,0,0,0,0,0,0,0,0,0,0,
广西,贵港市,8,0,0,0,0,0,0,0,0,0,0,0,0,0,0,0,0,0,4,1,0,0,2,0,0,0,1,0,0,0,0,0,0,0,0,0,0,0,0,0,0,0,0,0,0,0,0,0,0,
广西,玉林市,11,0,0,0,0,0,0,0,0,0,1,0,1,0,0,0,2,1,2,1,0,0,0,0,1,0,0,0,0,0,0,1,0,0,0,1,0,0,0,0,0,0,0,0,0,0,0,0,0,
广西,百色市,3,0,0,0,0,0,0,0,0,1,0,1,0,0,0,0,0,0,0,0,0,0,0,1,0,0,0,0,0,0,0,0,0,0,0,0,0,0,0,0,0,0,0,0,0,0,0,0,0,
广西,贺州市,4,0,0,0,0,0,0,0,0,0,0,0,0,0,0,1,0,0,2,1,0,0,0,0,0,0,0,0,0,0,0,0,0,0,0,0,0,0,0,0,0,0,0,0,0,0,0,0,0,
广西,河池市,28,0,0,0,0,0,0,0,0,1,2,0,0,0,0,2,1,0,0,0,2,1,2,0,4,4,2,0,0,0,0,1,0,0,0,1,0,1,1,0,2,1,0,0,0,0,0,0,0,
广西,来宾市,11,0,0,0,0,0,0,0,0,0,0,0,0,0,0,0,0,0,0,0,0,0,1,1,1,4,4,0,0,0,0,0,0,0,0,0,0,0,0,0,0,0,0,0,0,0,0,0,0,
广西,崇左市,0,0,0,0,0,0,0,0,0,0,0,0,0,0,0,0,0,0,0,0,0,0,0,0,0,0,0,0,0,0,0,0,0,0,0,0,0,0,0,0,0,0,0,0,0,0,0,0,0,
江苏,,631,0,0,0,0,0,0,0,1,8,9,13,16,23,29,30,39,34,34,35,37,33,32,35,31,29,24,23,28,27,23,11,13,9,3,2,0,0,0,0,0,0,0,0,0,0,0,0,0,
江苏,南京市,93,0,0,0,0,0,0,0,0,3,1,3,0,3,4,5,6,3,7,5,4,3,5,5,8,6,7,6,3,3,1,0,1,0,0,1,0,0,0,0,0,0,0,0,0,0,0,0,0,
江苏,无锡市,55,0,0,0,0,0,0,0,0,1,0,1,2,2,3,1,2,1,6,4,2,1,2,3,3,4,3,4,3,1,2,1,1,2,0,0,0,0,0,0,0,0,0,0,0,0,0,0,0,
江苏,徐州市,79,0,0,0,0,0,0,0,0,0,0,0,3,5,0,7,5,3,7,6,3,6,0,4,3,4,4,3,3,5,5,1,1,1,0,0,0,0,0,0,0,0,0,0,0,0,0,0,0,
江苏,常州市,51,0,0,0,0,0,0,0,0,0,5,0,1,2,0,2,3,1,1,0,4,5,3,2,2,0,0,0,5,2,5,0,3,3,1,1,0,0,0,0,0,0,0,0,0,0,0,0,0,
江苏,苏州市,87,0,0,0,0,0,0,0,1,1,1,4,1,4,8,4,8,2,4,6,8,3,5,9,3,3,2,3,4,1,0,1,0,0,1,0,0,0,0,0,0,0,0,0,0,0,0,0,0,
江苏,南通市,40,0,0,0,0,0,0,0,0,1,0,1,2,2,0,3,1,2,5,2,3,3,2,2,2,1,1,2,2,1,1,1,0,0,0,0,0,0,0,0,0,0,0,0,0,0,0,0,0,
江苏,连云港市,48,0,0,0,0,0,0,0,0,1,0,2,0,0,0,3,3,4,0,1,3,3,2,2,3,5,3,2,2,3,3,1,2,0,0,0,0,0,0,0,0,0,0,0,0,0,0,0,0,
江苏,淮安市,66,0,0,0,0,0,0,0,0,0,0,1,1,0,1,4,3,2,1,5,4,4,8,3,3,4,2,0,1,4,5,4,3,2,1,0,0,0,0,0,0,0,0,0,0,0,0,0,0,
江苏,盐城市,27,0,0,0,0,0,0,0,0,0,1,0,0,0,5,0,2,5,2,0,0,0,1,0,1,0,1,0,3,4,1,1,0,0,0,0,0,0,0,0,0,0,0,0,0,0,0,0,0,
江苏,扬州市,23,0,0,0,0,0,0,0,0,1,0,0,3,1,3,0,0,5,0,1,1,0,0,2,0,1,0,0,0,2,0,1,1,1,0,0,0,0,0,0,0,0,0,0,0,0,0,0,0,
江苏,镇江市,12,0,0,0,0,0,0,0,0,0,0,0,2,0,0,0,0,0,1,0,2,1,2,1,2,1,0,0,0,0,0,0,0,0,0,0,0,0,0,0,0,0,0,0,0,0,0,0,0,
江苏,泰州市,37,0,0,0,0,0,0,0,0,0,0,1,1,2,4,1,3,5,0,4,2,3,2,1,1,0,1,3,2,1,0,0,0,0,0,0,0,0,0,0,0,0,0,0,0,0,0,0,0,
江苏,宿迁市,13,0,0,0,0,0,0,0,0,0,1,0,0,2,1,0,3,1,0,1,1,1,0,1,0,0,0,0,0,0,0,0,1,0,0,0,0,0,0,0,0,0,0,0,0,0,0,0,0,
陕西,,245,0,0,0,0,0,0,0,0,3,2,10,7,13,11,10,30,15,15,12,14,23,8,11,11,13,5,6,6,4,1,2,4,4,0,2,3,0,0,0,0,0,0,0,0,0,0,0,0,
陕西,西安市,120,0,0,0,0,0,0,0,0,2,0,2,4,4,3,3,13,8,8,8,5,10,4,6,8,8,2,6,6,4,0,0,0,3,0,1,2,0,0,0,0,0,0,0,0,0,0,0,0,
陕西,铜川市,8,0,0,0,0,0,0,0,0,0,0,3,2,0,0,0,0,0,1,1,0,0,0,1,0,0,0,0,0,0,0,0,0,0,0,0,0,0,0,0,0,0,0,0,0,0,0,0,0,
陕西,宝鸡市,13,0,0,0,0,0,0,0,0,0,0,0,0,0,3,1,0,2,1,1,2,0,0,2,0,1,0,0,0,0,0,0,0,0,0,0,0,0,0,0,0,0,0,0,0,0,0,0,0,
陕西,咸阳市,17,0,0,0,0,0,0,0,0,1,0,2,0,1,0,1,1,2,1,0,2,4,0,0,1,0,1,0,0,0,0,0,0,0,0,0,0,0,0,0,0,0,0,0,0,0,0,0,0,
陕西,渭南市,15,0,0,0,0,0,0,0,0,0,0,0,0,1,2,0,2,0,0,1,0,3,0,0,0,4,1,0,0,0,0,1,0,0,0,0,0,0,0,0,0,0,0,0,0,0,0,0,0,
陕西,延安市,8,0,0,0,0,0,0,0,0,0,1,0,0,1,0,1,4,0,0,0,0,0,0,0,1,0,0,0,0,0,0,0,0,0,0,0,0,0,0,0,0,0,0,0,0,0,0,0,0,
陕西,汉中市,26,0,0,0,0,0,0,0,0,0,0,0,1,2,1,2,5,2,2,0,1,3,1,1,0,0,0,0,0,0,0,0,4,0,0,1,0,0,0,0,0,0,0,0,0,0,0,0,0,
陕西,榆林市,3,0,0,0,0,0,0,0,0,0,0,0,0,0,0,0,1,0,0,0,0,0,1,0,1,0,0,0,0,0,0,0,0,0,0,0,0,0,0,0,0,0,0,0,0,0,0,0,0,
陕西,安康市,26,0,0,0,0,0,0,0,0,0,1,2,0,4,1,2,3,1,2,1,0,2,2,0,0,0,1,0,0,0,1,1,0,1,0,0,1,0,0,0,0,0,0,0,0,0,0,0,0,
陕西,商洛市,7,0,0,0,0,0,0,0,0,0,0,1,0,0,1,0,0,0,0,0,3,1,0,1,0,0,0,0,0,0,0,0,0,0,0,0,0,0,0,0,0,0,0,0,0,0,0,0,0,
陕西,韩城市,1,0,0,0,0,0,0,0,0,0,0,0,0,0,0,0,1,0,0,0,0,0,0,0,0,0,0,0,0,0,0,0,0,0,0,0,0,0,0,0,0,0,0,0,0,0,0,0,0,
陕西,杨凌示范区,1,0,0,0,0,0,0,0,0,0,0,0,0,0,0,0,0,0,0,0,1,0,0,0,0,0,0,0,0,0,0,0,0,0,0,0,0,0,0,0,0,0,0,0,0,0,0,0,0,
山西,,133,0,0,0,0,0,0,0,1,0,5,3,4,7,7,8,4,8,9,10,8,7,9,6,7,12,4,3,2,2,0,1,1,1,1,1,0,1,0,0,0,1,0,0,0,0,0,0,0,
山西,太原市,20,0,0,0,0,0,0,0,1,0,1,0,0,1,0,0,1,0,2,0,0,3,0,2,1,3,2,1,0,0,0,1,0,0,0,0,0,1,0,0,0,0,0,0,0,0,0,0,0,
山西,大同市,12,0,0,0,0,0,0,0,0,0,1,0,0,0,2,1,1,1,2,1,0,0,0,0,1,1,0,0,0,1,0,0,0,0,0,0,0,0,0,0,0,0,0,0,0,0,0,0,0,
山西,阳泉市,4,0,0,0,0,0,0,0,0,0,0,1,0,0,0,0,0,0,0,1,0,0,1,1,0,0,0,0,0,0,0,0,0,0,0,0,0,0,0,0,0,0,0,0,0,0,0,0,0,
山西,长治市,8,0,0,0,0,0,0,0,0,0,1,0,0,0,0,2,0,0,0,0,0,0,2,0,0,2,0,0,1,0,0,0,0,0,0,0,0,0,0,0,0,0,0,0,0,0,0,0,0,
山西,晋城市,10,0,0,0,0,0,0,0,0,0,0,0,0,0,0,0,0,2,1,3,1,0,0,1,0,0,0,0,0,0,0,0,1,0,0,1,0,0,0,0,0,0,0,0,0,0,0,0,0,
山西,朔州市,8,0,0,0,0,0,0,0,0,0,0,0,2,0,0,1,0,0,0,0,0,1,0,0,0,2,1,0,0,0,0,0,0,0,1,0,0,0,0,0,0,0,0,0,0,0,0,0,0,
山西,晋中市,37,0,0,0,0,0,0,0,0,0,0,2,0,3,4,0,0,2,2,2,4,2,5,1,2,3,0,1,1,1,0,0,0,1,0,0,0,0,0,0,0,1,0,0,0,0,0,0,0,
山西,运城市,19,0,0,0,0,0,0,0,0,0,2,0,0,1,1,3,1,2,0,3,3,1,0,0,0,1,0,1,0,0,0,0,0,0,0,0,0,0,0,0,0,0,0,0,0,0,0,0,0,
山西,忻州市,7,0,0,0,0,0,0,0,0,0,0,0,0,0,0,0,0,1,2,0,0,0,0,0,3,0,1,0,0,0,0,0,0,0,0,0,0,0,0,0,0,0,0,0,0,0,0,0,0,
山西,临汾市,2,0,0,0,0,0,0,0,0,0,0,0,1,0,0,0,0,0,0,0,0,0,0,1,0,0,0,0,0,0,0,0,0,0,0,0,0,0,0,0,0,0,0,0,0,0,0,0,0,
山西,吕梁市,6,0,0,0,0,0,0,0,0,0,0,0,1,2,0,1,1,0,0,0,0,0,1,0,0,0,0,0,0,0,0,0,0,0,0,0,0,0,0,0,0,0,0,0,0,0,0,0,0,
重庆,,576,0,0,0,0,0,0,5,4,18,30,18,35,22,15,18,41,32,24,38,37,29,23,22,15,20,22,18,19,13,11,8,7,7,2,2,5,7,5,1,2,1,0,0,0,0,0,0,0,
重庆,万州区,118,0,0,0,0,0,0,2,0,1,7,3,1,1,2,7,4,5,6,10,7,9,3,5,5,6,13,1,3,2,0,1,1,3,0,2,3,2,3,0,0,0,0,0,0,0,0,0,0,
重庆,涪陵区,5,0,0,0,0,0,0,0,1,0,0,0,0,0,0,0,0,0,0,1,0,1,0,0,0,0,0,0,0,0,0,0,0,0,0,0,0,2,0,0,0,0,0,0,0,0,0,0,0,
重庆,渝中区,20,0,0,0,0,0,0,0,0,0,0,0,0,0,1,1,3,2,2,0,4,3,1,2,0,1,0,0,0,0,0,0,0,0,0,0,0,0,0,0,0,0,0,0,0,0,0,0,0,
重庆,大渡口区,7,0,0,0,0,0,0,0,0,1,1,2,2,0,0,0,0,0,0,0,1,0,0,0,0,0,0,0,0,0,0,0,0,0,0,0,0,0,0,0,0,0,0,0,0,0,0,0,0,
重庆,江北区,28,0,0,0,0,0,0,0,0,0,0,2,1,1,1,1,2,4,1,3,0,0,2,1,1,3,1,1,0,0,0,1,1,1,0,0,0,0,0,0,0,0,0,0,0,0,0,0,0,
重庆,沙坪坝区,9,0,0,0,0,0,0,0,0,0,0,0,0,0,0,0,0,2,0,0,0,0,0,0,0,0,0,0,6,0,0,0,0,0,0,0,0,0,0,0,1,0,0,0,0,0,0,0,0,
重庆,九龙坡区,21,0,0,0,0,0,0,0,0,2,1,0,1,1,0,0,3,1,2,2,2,4,0,0,0,0,1,0,0,0,0,0,0,0,0,0,0,0,0,0,0,1,0,0,0,0,0,0,0,
重庆,南岸区,15,0,0,0,0,0,0,0,0,0,0,0,0,1,0,1,1,0,1,2,1,1,0,0,0,0,0,1,0,2,4,0,0,0,0,0,0,0,0,0,0,0,0,0,0,0,0,0,0,
重庆,北碚区,0,0,0,0,0,0,0,0,0,0,0,0,0,0,0,0,0,0,0,0,0,0,0,0,0,0,0,0,0,0,0,0,0,0,0,0,0,0,0,0,0,0,0,0,0,0,0,0,0,
重庆,綦江区,23,0,0,0,0,0,0,0,0,0,0,0,1,1,2,0,0,0,0,1,5,2,1,1,1,0,0,0,1,5,0,1,1,0,0,0,0,0,0,0,0,0,0,0,0,0,0,0,0,
重庆,大足区,14,0,0,0,0,0,0,0,0,0,0,1,0,0,0,1,2,0,0,1,2,0,0,1,2,0,1,3,0,0,0,0,0,0,0,0,0,0,0,0,0,0,0,0,0,0,0,0,0,
重庆,渝北区,17,0,0,0,0,0,0,0,0,2,0,2,1,1,0,1,3,1,1,0,0,0,0,0,0,0,1,2,0,0,0,0,0,0,1,0,0,1,0,0,0,0,0,0,0,0,0,0,0,
重庆,巴南区,6,0,0,0,0,0,0,0,0,0,0,0,1,0,0,0,0,0,0,1,1,0,0,0,0,0,0,2,0,0,1,0,0,0,0,0,0,0,0,0,0,0,0,0,0,0,0,0,0,
重庆,黔江区,2,0,0,0,0,0,0,0,0,0,0,0,0,1,0,0,1,0,0,0,0,0,0,0,0,0,0,0,0,0,0,0,0,0,0,0,0,0,0,0,0,0,0,0,0,0,0,0,0,
重庆,长寿区,22,0,0,0,0,0,0,1,0,2,2,0,1,1,0,0,1,2,0,1,1,0,0,0,0,3,0,1,0,1,0,1,2,1,0,0,0,0,0,0,1,0,0,0,0,0,0,0,0,
重庆,江津区,4,0,0,0,0,0,0,0,0,0,0,0,2,0,0,1,0,0,0,0,0,0,1,0,0,0,0,0,0,0,0,0,0,0,0,0,0,0,0,0,0,0,0,0,0,0,0,0,0,
重庆,合川区,23,0,0,0,0,0,0,0,0,0,2,0,1,1,1,1,0,2,0,1,0,0,2,4,1,1,1,0,2,1,2,0,0,0,0,0,0,0,0,0,0,0,0,0,0,0,0,0,0,
重庆,永川区,5,0,0,0,0,0,0,0,2,0,1,0,0,0,0,0,0,0,0,0,0,0,0,0,0,2,0,0,0,0,0,0,0,0,0,0,0,0,0,0,0,0,0,0,0,0,0,0,0,
重庆,南川区,0,0,0,0,0,0,0,0,0,0,0,0,0,0,0,0,0,0,0,0,0,0,0,0,0,0,0,0,0,0,0,0,0,0,0,0,0,0,0,0,0,0,0,0,0,0,0,0,0,
重庆,璧山区,9,0,0,0,0,0,0,0,0,0,2,0,1,0,1,0,2,2,0,0,0,0,0,0,0,0,0,0,0,0,0,0,0,1,0,0,0,0,0,0,0,0,0,0,0,0,0,0,0,
重庆,铜梁区,10,0,0,0,0,0,0,0,0,0,0,1,0,1,0,0,0,0,2,3,0,0,0,0,0,1,0,0,0,0,0,1,0,0,0,0,0,1,0,0,0,0,0,0,0,0,0,0,0,
重庆,潼南区,18,0,0,0,0,0,0,0,0,0,0,0,2,0,0,0,0,0,0,1,1,3,3,3,0,0,0,1,1,0,1,1,1,0,0,0,0,0,0,0,0,0,0,0,0,0,0,0,0,
重庆,荣昌区,9,0,0,0,0,0,0,0,0,0,0,0,0,0,0,0,1,1,0,2,3,1,0,0,0,0,0,0,0,0,0,1,0,0,0,0,0,0,0,0,0,0,0,0,0,0,0,0,0,
重庆,开州区,21,0,0,0,0,0,0,0,0,2,2,0,3,2,2,2,3,0,0,1,1,0,0,0,0,0,0,0,2,0,0,0,0,0,0,0,0,0,1,0,0,0,0,0,0,0,0,0,0,
重庆,梁平区,4,0,0,0,0,0,0,0,0,0,1,0,0,0,0,0,1,0,0,1,0,0,0,1,0,0,0,0,0,0,0,0,0,0,0,0,0,0,0,0,0,0,0,0,0,0,0,0,0,
重庆,武隆区,1,0,0,0,0,0,0,0,0,0,0,0,0,0,0,1,0,0,0,0,0,0,0,0,0,0,0,0,0,0,0,0,0,0,0,0,0,0,0,0,0,0,0,0,0,0,0,0,0,
重庆,城口县,2,0,0,0,0,0,0,0,0,0,1,0,0,0,0,0,0,0,0,0,1,0,0,0,0,0,0,0,0,0,0,0,0,0,0,0,0,0,0,0,0,0,0,0,0,0,0,0,0,
重庆,丰都县,10,0,0,0,0,0,0,0,0,0,1,0,2,0,0,0,0,1,1,0,1,0,3,0,0,0,0,1,0,0,0,0,0,0,0,0,0,0,0,0,0,0,0,0,0,0,0,0,0,
重庆,垫江县,20,0,0,0,0,0,0,0,1,1,0,0,2,1,0,0,3,2,1,1,1,2,1,1,1,1,1,0,0,0,0,0,0,0,0,0,0,0,0,0,0,0,0,0,0,0,0,0,0,
重庆,忠县,21,0,0,0,0,0,0,0,0,1,2,2,1,3,2,0,1,0,0,3,0,0,0,1,0,0,2,1,0,0,0,0,1,0,0,0,0,0,0,1,0,0,0,0,0,0,0,0,0,
重庆,云阳县,25,0,0,0,0,0,0,0,0,1,1,2,4,2,1,1,3,2,1,0,0,0,1,0,1,0,0,1,0,0,1,1,0,1,1,0,0,0,0,0,0,0,0,0,0,0,0,0,0,
重庆,奉节县,22,0,0,0,0,0,0,0,0,1,0,2,0,0,1,0,1,0,3,1,0,0,2,1,1,1,0,0,3,1,2,0,0,0,0,0,2,0,0,0,0,0,0,0,0,0,0,0,0,
重庆,巫山县,10,0,0,0,0,0,0,2,0,1,0,0,2,0,0,0,1,0,0,1,0,1,0,0,0,0,1,1,0,0,0,0,0,0,0,0,0,0,0,0,0,0,0,0,0,0,0,0,0,
重庆,巫溪县,14,0,0,0,0,0,0,0,0,1,1,1,2,0,0,0,4,1,1,0,0,0,0,0,0,1,0,0,1,0,0,0,0,0,0,0,0,0,1,0,0,0,0,0,0,0,0,0,0,
重庆,石柱县,15,0,0,0,0,0,0,0,0,0,3,0,0,3,1,0,0,3,0,0,2,0,0,0,0,0,0,2,0,0,0,0,0,0,0,0,0,1,0,0,0,0,0,0,0,0,0,0,0,
重庆,秀山县,1,0,0,0,0,0,0,0,0,1,0,0,0,0,0,0,0,0,0,0,0,0,0,0,0,0,0,0,0,0,0,0,0,0,0,0,0,0,0,0,0,0,0,0,0,0,0,0,0,
重庆,酉阳县,1,0,0,0,0,0,0,0,0,0,0,0,0,0,0,0,0,0,0,0,0,0,1,0,0,0,0,0,0,0,0,0,0,0,0,0,0,0,0,0,0,0,0,0,0,0,0,0,0,
重庆,彭水县,2,0,0,0,0,0,0,0,0,0,0,0,0,0,0,0,0,0,0,0,2,0,0,0,0,0,0,0,0,0,0,0,0,0,0,0,0,0,0,0,0,0,0,0,0,0,0,0,0,
重庆,两江新区,17,0,0,0,0,0,0,0,0,1,2,0,4,1,0,0,1,1,2,0,1,1,0,0,2,0,0,0,0,1,0,0,0,0,0,0,0,0,0,0,0,0,0,0,0,0,0,0,0,
重庆,高新区,4,0,0,0,0,0,0,0,0,0,0,0,0,0,0,0,0,0,0,1,0,1,2,0,0,0,0,0,0,0,0,0,0,0,0,0,0,0,0,0,0,0,0,0,0,0,0,0,0,
重庆,万盛经开区,1,0,0,0,0,0,0,0,0,0,0,0,0,0,0,0,0,0,0,0,0,0,0,1,0,0,0,0,0,0,0,0,0,0,0,0,0,0,0,0,0,0,0,0,0,0,0,0,0,
四川,,538,0,0,0,0,0,0,2,3,10,13,16,25,21,18,34,35,30,24,23,28,19,20,23,19,23,19,12,19,15,12,7,11,14,13,6,6,5,1,0,1,2,2,3,4,0,0,0,0,
四川,成都市,143,0,0,0,0,0,0,1,1,5,9,6,11,4,9,13,10,3,1,4,10,5,5,5,7,11,3,1,1,6,4,4,1,0,0,1,0,2,0,0,0,0,0,0,0,0,0,0,0,
四川,自贡市,9,0,0,0,0,0,0,0,0,0,1,0,1,5,0,0,2,0,0,0,0,0,0,0,0,0,0,0,0,0,0,0,0,0,0,0,0,0,0,0,0,0,0,0,0,0,0,0,0,
四川,攀枝花市,16,0,0,0,0,0,0,0,0,0,0,0,0,0,0,0,1,6,2,1,0,1,0,0,1,1,0,0,0,0,0,0,0,0,3,0,0,0,0,0,0,0,0,0,0,0,0,0,0,
四川,泸州市,24,0,0,0,0,0,0,0,0,0,1,1,1,1,1,0,0,0,1,1,2,1,2,1,0,3,1,1,1,0,0,0,0,0,0,1,4,0,0,0,0,0,0,0,0,0,0,0,0,
四川,德阳市,18,0,0,0,0,0,0,0,0,1,0,0,0,0,1,1,4,0,3,0,2,0,0,0,1,3,0,0,0,1,0,0,0,0,0,0,0,1,0,0,0,0,0,0,0,0,0,0,0,
四川,绵阳市,22,0,0,0,0,0,0,0,2,0,0,3,2,1,0,1,2,1,2,3,0,0,1,1,1,0,1,0,1,0,0,0,0,0,0,0,0,0,0,0,0,0,0,0,0,0,0,0,0,
四川,广元市,6,0,0,0,0,0,0,0,0,0,0,0,0,0,1,2,-1,0,3,0,1,0,0,0,0,0,0,0,0,0,0,0,0,0,0,0,0,0,0,0,0,0,0,0,0,0,0,0,0,
四川,遂宁市,17,0,0,0,0,0,0,0,0,1,1,0,0,1,0,1,1,0,0,0,0,0,0,0,1,2,2,0,0,0,0,0,2,5,0,0,0,0,0,0,0,0,0,0,0,0,0,0,0,
四川,内江市,22,0,0,0,0,0,0,0,0,0,1,0,0,2,1,0,2,4,1,1,3,0,1,1,0,0,0,1,2,1,0,1,0,0,0,0,0,0,0,0,0,0,0,0,0,0,0,0,0,
四川,乐山市,3,0,0,0,0,0,0,0,0,0,0,1,0,1,0,0,0,0,0,0,0,0,0,1,0,0,0,0,0,0,0,0,0,0,0,0,0,0,0,0,0,0,0,0,0,0,0,0,0,
四川,南充市,39,0,0,0,0,0,0,0,0,0,0,2,0,2,1,4,2,5,7,3,1,1,1,1,1,1,1,1,0,1,0,0,0,0,3,0,0,0,0,0,1,0,0,0,0,0,0,0,0,
四川,眉山市,8,0,0,0,0,0,0,0,0,0,0,1,0,0,0,1,0,0,0,1,2,0,0,0,1,1,0,0,1,0,0,0,0,0,0,0,0,0,0,0,0,0,0,0,0,0,0,0,0,
四川,宜宾市,12,0,0,0,0,0,0,0,0,0,0,0,1,0,1,3,2,0,0,0,0,0,1,1,0,0,0,0,1,1,0,0,0,0,1,0,0,0,0,0,0,0,0,0,0,0,0,0,0,
四川,广安市,30,0,0,0,0,0,0,1,0,1,0,0,4,1,0,2,4,3,4,1,3,0,0,3,1,0,0,2,0,0,0,0,0,0,0,0,0,0,0,0,0,0,0,0,0,0,0,0,0,
四川,达州市,42,0,0,0,0,0,0,0,0,1,0,0,2,0,1,2,2,1,0,2,2,4,3,3,2,0,3,2,3,3,0,0,0,2,1,1,0,1,0,0,0,1,0,0,0,0,0,0,0,
四川,雅安市,7,0,0,0,0,0,0,0,0,1,0,0,0,1,0,0,1,2,0,0,0,1,0,0,0,0,0,0,0,1,0,0,0,0,0,0,0,0,0,0,0,0,0,0,0,0,0,0,0,
四川,巴中市,24,0,0,0,0,0,0,0,0,0,0,0,0,0,2,2,1,3,0,4,0,3,4,1,1,0,1,0,0,0,2,0,0,0,0,0,0,0,0,0,0,0,0,0,0,0,0,0,0,
四川,资阳市,4,0,0,0,0,0,0,0,0,0,0,0,2,0,0,0,0,0,0,0,0,0,0,0,0,1,0,0,0,0,0,0,0,0,0,0,0,0,0,0,0,1,0,0,0,0,0,0,0,
四川,阿坝州,1,0,0,0,0,0,0,0,0,0,0,0,0,0,0,0,1,0,0,0,0,0,0,0,0,0,0,0,0,0,0,0,0,0,0,0,0,0,0,0,0,0,0,0,0,0,0,0,0,
四川,甘孜州,78,0,0,0,0,0,0,0,0,0,0,2,0,1,0,2,0,0,0,1,2,2,2,5,0,0,6,4,9,1,6,1,6,7,5,3,2,1,1,0,0,0,2,3,4,0,0,0,0,
四川,凉山州,13,0,0,0,0,0,0,0,0,0,0,0,1,1,0,0,1,2,0,1,0,1,0,0,2,0,1,0,0,0,0,1,2,0,0,0,0,0,0,0,0,0,0,0,0,0,0,0,0,
内蒙古,,75,0,0,0,0,0,0,0,0,1,1,5,4,2,3,2,2,3,4,7,1,7,4,4,2,2,4,0,2,1,4,3,2,2,1,2,0,0,0,0,0,0,0,0,0,0,0,0,0,
内蒙古,呼和浩特市,7,0,0,0,0,0,0,0,0,0,0,0,0,0,2,0,0,0,0,2,0,1,0,2,0,0,0,0,0,0,0,0,0,0,0,0,0,0,0,0,0,0,0,0,0,0,0,0,0,
内蒙古,包头市,11,0,0,0,0,0,0,0,0,0,0,0,2,1,0,0,0,0,2,1,0,1,2,0,1,0,1,0,0,0,0,0,0,0,0,0,0,0,0,0,0,0,0,0,0,0,0,0,0,
内蒙古,乌海市,2,0,0,0,0,0,0,0,0,0,0,0,0,0,0,0,0,0,1,0,0,1,0,0,0,0,0,0,0,0,0,0,0,0,0,0,0,0,0,0,0,0,0,0,0,0,0,0,0,
内蒙古,赤峰市,7,0,0,0,0,0,0,0,0,0,0,1,0,1,0,0,0,0,0,0,0,1,0,1,0,0,0,0,1,0,0,0,2,0,0,0,0,0,0,0,0,0,0,0,0,0,0,0,0,
内蒙古,通辽市,7,0,0,0,0,0,0,0,0,0,0,0,1,0,0,0,0,0,0,0,0,0,0,1,1,0,3,0,0,0,0,0,0,0,1,0,0,0,0,0,0,0,0,0,0,0,0,0,0,
内蒙古,鄂尔多斯市,11,0,0,0,0,0,0,0,0,0,0,2,0,0,0,1,0,2,1,3,0,2,0,0,0,0,0,0,0,0,0,0,0,0,0,0,0,0,0,0,0,0,0,0,0,0,0,0,0,
内蒙古,呼伦贝尔市,8,0,0,0,0,0,0,0,0,1,0,1,0,0,0,0,0,0,0,0,1,0,2,0,0,0,0,0,1,0,0,0,0,0,0,2,0,0,0,0,0,0,0,0,0,0,0,0,0,
内蒙古,巴彦淖尔市,8,0,0,0,0,0,0,0,0,0,0,0,0,0,1,1,0,1,0,0,0,1,0,0,0,2,0,0,0,0,0,2,0,0,0,0,0,0,0,0,0,0,0,0,0,0,0,0,0,
内蒙古,乌兰察布市,3,0,0,0,0,0,0,0,0,0,0,0,0,0,0,0,2,0,0,1,0,0,0,0,0,0,0,0,0,0,0,0,0,0,0,0,0,0,0,0,0,0,0,0,0,0,0,0,0,
内蒙古,兴安盟,1,0,0,0,0,0,0,0,0,0,0,0,1,0,0,0,0,0,0,0,0,0,0,0,0,0,0,0,0,0,0,0,0,0,0,0,0,0,0,0,0,0,0,0,0,0,0,0,0,
内蒙古,锡林郭勒盟,10,0,0,0,0,0,0,0,0,0,1,1,0,0,0,0,0,0,0,0,0,0,0,0,0,0,0,0,0,1,4,1,0,2,0,0,0,0,0,0,0,0,0,0,0,0,0,0,0,
内蒙古,阿拉善盟,0,0,0,0,0,0,0,0,0,0,0,0,0,0,0,0,0,0,0,0,0,0,0,0,0,0,0,0,0,0,0,0,0,0,0,0,0,0,0,0,0,0,0,0,0,0,0,0,0,
辽宁,,125,0,0,0,0,0,0,0,2,2,8,5,5,8,6,5,4,15,4,6,4,7,8,5,5,6,2,1,5,0,2,4,1,1,0,0,0,0,0,0,0,0,0,0,0,0,1,0,3,
辽宁,沈阳市,28,0,0,0,0,0,0,0,1,1,1,2,1,2,0,1,1,2,4,1,2,3,1,0,2,1,0,0,2,0,0,0,0,0,0,0,0,0,0,0,0,0,0,0,0,0,0,0,0,
辽宁,大连市,19,0,0,0,0,0,0,0,1,0,1,2,0,1,0,0,2,1,2,2,0,1,1,0,0,2,0,0,-2,0,2,2,0,1,0,0,0,0,0,0,0,0,0,0,0,0,0,0,0,
辽宁,鞍山市,4,0,0,0,0,0,0,0,0,0,0,0,0,0,0,0,0,1,-1,0,0,0,1,2,0,0,0,0,-1,0,0,2,0,0,0,0,0,0,0,0,0,0,0,0,0,0,0,0,0,
辽宁,抚顺市,0,0,0,0,0,0,0,0,0,0,0,0,0,0,0,0,0,0,0,0,0,0,0,0,0,0,0,0,0,0,0,0,0,0,0,0,0,0,0,0,0,0,0,0,0,0,0,0,0,
辽宁,本溪市,3,0,0,0,0,0,0,0,0,0,1,0,1,0,0,1,0,0,0,0,0,0,0,0,0,0,0,0,0,0,0,0,0,0,0,0,0,0,0,0,0,0,0,0,0,0,0,0,0,
辽宁,丹东市,11,0,0,0,0,0,0,0,0,0,0,0,1,4,0,0,0,0,1,0,0,0,1,0,0,0,0,0,0,0,0,0,0,0,0,0,0,0,0,0,0,0,0,0,0,0,1,0,3,
辽宁,锦州市,12,0,0,0,0,0,0,0,0,0,0,0,0,0,4,0,0,3,0,0,0,0,0,0,1,2,1,0,1,0,0,0,0,0,0,0,0,0,0,0,0,0,0,0,0,0,0,0,0,
辽宁,营口市,1,0,0,0,0,0,0,0,0,0,0,1,0,0,0,0,0,0,0,0,0,0,0,0,0,0,0,0,0,0,0,0,0,0,0,0,0,0,0,0,0,0,0,0,0,0,0,0,0,
辽宁,阜新市,8,0,0,0,0,0,0,0,0,0,0,0,0,0,0,0,0,1,1,1,2,2,0,0,0,0,0,1,0,0,0,0,0,0,0,0,0,0,0,0,0,0,0,0,0,0,0,0,0,
辽宁,辽阳市,3,0,0,0,0,0,0,0,0,0,0,0,0,1,0,0,0,0,0,1,0,0,0,0,0,1,0,0,0,0,0,0,0,0,0,0,0,0,0,0,0,0,0,0,0,0,0,0,0,
辽宁,盘锦市,11,0,0,0,0,0,0,0,0,0,0,0,2,0,0,1,0,4,-2,1,0,0,2,3,0,0,0,0,0,0,0,0,0,0,0,0,0,0,0,0,0,0,0,0,0,0,0,0,0,
辽宁,铁岭市,7,0,0,0,0,0,0,0,0,0,2,0,0,0,0,0,0,1,-1,0,0,0,1,0,0,0,1,0,3,0,0,0,0,0,0,0,0,0,0,0,0,0,0,0,0,0,0,0,0,
辽宁,朝阳市,6,0,0,0,0,0,0,0,0,1,1,0,0,0,1,1,1,1,0,0,0,0,0,0,0,0,0,0,0,0,0,0,0,0,0,0,0,0,0,0,0,0,0,0,0,0,0,0,0,
辽宁,葫芦岛市,12,0,0,0,0,0,0,0,0,0,2,0,0,0,1,1,0,1,0,0,0,1,1,0,2,0,0,0,2,0,0,0,1,0,0,0,0,0,0,0,0,0,0,0,0,0,0,0,0,
黑龙江,,480,0,0,0,0,0,0,0,1,3,5,6,6,9,7,6,16,21,15,23,37,35,37,50,18,12,24,29,18,17,23,7,20,12,7,6,6,3,0,1,0,0,0,0,0,0,0,0,0,
黑龙江,哈尔滨市,198,0,0,0,0,0,0,0,0,1,5,2,0,2,1,2,5,7,9,11,18,10,9,12,6,14,14,18,4,9,5,3,15,6,2,2,2,3,0,1,0,0,0,0,0,0,0,0,0,
黑龙江,齐齐哈尔市,43,0,0,0,0,0,0,0,0,0,0,1,0,1,1,0,0,0,0,0,3,14,6,1,0,0,3,2,1,0,3,0,2,4,1,0,0,0,0,0,0,0,0,0,0,0,0,0,0,
黑龙江,鸡西市,46,0,0,0,0,0,0,0,0,0,0,0,0,0,1,0,1,2,0,2,3,3,9,8,2,3,0,4,5,1,0,1,1,0,0,0,0,0,0,0,0,0,0,0,0,0,0,0,0,
黑龙江,鹤岗市,5,0,0,0,0,0,0,0,0,0,0,0,0,0,0,1,0,0,0,0,1,0,0,0,1,1,1,0,0,0,0,0,0,0,0,0,0,0,0,0,0,0,0,0,0,0,0,0,0,
黑龙江,双鸭山市,52,0,0,0,0,0,0,0,0,0,0,0,1,0,0,0,0,1,2,3,5,4,4,16,0,2,0,0,1,0,9,0,1,1,2,0,0,0,0,0,0,0,0,0,0,0,0,0,0,
黑龙江,大庆市,26,0,0,0,0,0,0,0,0,1,0,2,2,0,0,0,2,1,0,3,0,0,2,0,0,0,0,1,1,0,3,1,0,1,0,3,3,0,0,0,0,0,0,0,0,0,0,0,0,
黑龙江,伊春市,1,0,0,0,0,0,0,0,0,0,0,0,0,0,0,0,0,0,0,0,0,0,0,0,0,0,0,0,0,0,0,1,0,0,0,0,0,0,0,0,0,0,0,0,0,0,0,0,0,
黑龙江,佳木斯市,15,0,0,0,0,0,0,0,0,0,0,0,1,0,4,0,3,3,0,0,0,0,1,1,0,0,1,1,0,0,0,0,0,0,0,0,0,0,0,0,0,0,0,0,0,0,0,0,0,
黑龙江,七台河市,17,0,0,0,0,0,0,0,0,0,0,0,1,1,0,0,1,2,1,1,1,1,0,1,1,2,1,1,0,1,0,0,0,0,1,0,0,0,0,0,0,0,0,0,0,0,0,0,0,
黑龙江,牡丹江市,14,0,0,0,0,0,0,0,1,0,0,0,0,0,0,0,1,4,1,1,0,1,1,1,2,-1,0,0,0,0,0,0,0,0,1,0,1,0,0,0,0,0,0,0,0,0,0,0,0,
黑龙江,黑河市,14,0,0,0,0,0,0,0,0,0,0,0,0,0,0,0,0,0,1,0,0,0,0,0,1,0,2,0,2,4,3,0,1,0,0,0,0,0,0,0,0,0,0,0,0,0,0,0,0,
黑龙江,绥化市,47,0,0,0,0,0,0,0,0,1,0,1,1,5,0,2,2,1,1,2,6,2,5,10,5,-9,2,2,4,2,0,1,0,0,0,1,0,0,0,0,0,0,0,0,0,0,0,0,0,
黑龙江,大兴安岭地区,2,0,0,0,0,0,0,0,0,0,0,0,0,0,0,1,1,0,0,0,0,0,0,0,0,0,0,0,0,0,0,0,0,0,0,0,0,0,0,0,0,0,0,0,0,0,0,0,0,
江西,,935,0,0,0,0,0,0,2,1,4,11,18,12,24,37,53,77,47,46,59,85,72,52,61,37,41,33,32,40,28,28,13,12,5,3,1,0,0,0,0,0,0,0,0,1,0,0,0,0,
江西,南昌市,232,0,0,0,0,0,0,0,1,1,1,1,4,9,8,21,21,16,6,14,18,13,15,13,6,11,11,6,10,5,7,5,5,1,1,1,0,0,0,0,0,0,0,0,1,0,0,0,0,
江西,景德镇市,6,0,0,0,0,0,0,0,0,0,1,0,1,0,0,0,1,0,0,0,1,0,0,0,0,1,0,0,0,0,0,0,0,1,0,0,0,0,0,0,0,0,0,0,0,0,0,0,0,
江西,萍乡市,33,0,0,0,0,0,0,1,0,0,0,1,0,0,0,3,3,1,6,3,2,2,1,1,0,0,1,1,3,0,2,1,0,1,0,0,0,0,0,0,0,0,0,0,0,0,0,0,0,
江西,九江市,118,0,0,0,0,0,0,0,0,1,1,0,2,5,7,15,10,2,12,9,14,8,6,3,2,3,1,0,4,4,5,1,2,0,1,0,0,0,0,0,0,0,0,0,0,0,0,0,0,
江西,新余市,129,0,0,0,0,0,0,0,0,1,0,0,2,0,8,0,17,12,3,7,9,10,9,9,8,5,5,5,7,4,3,3,2,0,0,0,0,0,0,0,0,0,0,0,0,0,0,0,0,
江西,鹰潭市,18,0,0,0,0,0,0,0,0,0,0,0,0,1,0,2,1,0,4,0,0,1,0,1,1,0,1,2,4,0,0,0,0,0,0,0,0,0,0,0,0,0,0,0,0,0,0,0,0,
江西,赣州市,76,0,0,0,0,0,0,0,0,0,2,5,0,3,6,5,6,3,3,2,7,6,4,7,5,5,2,1,0,4,0,0,0,0,0,0,0,0,0,0,0,0,0,0,0,0,0,0,0,
江西,吉安市,22,0,0,0,0,0,0,0,0,1,0,1,1,0,1,1,3,3,1,1,2,0,0,1,1,0,1,1,1,0,0,0,1,0,1,0,0,0,0,0,0,0,0,0,0,0,0,0,0,
江西,宜春市,106,0,0,0,0,0,0,0,0,0,1,4,1,4,4,0,12,3,2,5,9,3,6,8,5,6,4,6,5,7,6,1,2,2,0,0,0,0,0,0,0,0,0,0,0,0,0,0,0,
江西,抚州市,72,0,0,0,0,0,0,1,0,0,3,2,1,1,1,4,2,3,6,5,5,10,2,10,3,4,1,3,1,1,2,1,0,0,0,0,0,0,0,0,0,0,0,0,0,0,0,0,0,
江西,上饶市,123,0,0,0,0,0,0,0,0,0,2,4,0,1,2,2,1,4,3,13,18,19,9,8,6,6,6,7,5,3,3,1,0,0,0,0,0,0,0,0,0,0,0,0,0,0,0,0,0,
云南,,174,0,0,0,0,0,0,1,0,1,3,6,8,7,25,19,10,11,8,10,8,5,11,3,2,3,8,4,1,2,6,6,1,2,1,1,-1,2,0,0,0,0,0,0,0,0,0,0,0,
云南,昆明市,53,0,0,0,0,0,0,1,0,1,1,1,3,0,8,6,3,6,1,1,2,0,6,1,0,1,3,1,0,2,0,0,1,2,1,1,-1,1,0,0,0,0,0,0,0,0,0,0,0,
云南,曲靖市,13,0,0,0,0,0,0,0,0,0,0,1,0,1,3,0,0,0,0,1,2,2,0,0,1,0,1,1,0,0,0,0,0,0,0,0,0,0,0,0,0,0,0,0,0,0,0,0,0,
云南,玉溪市,14,0,0,0,0,0,0,0,0,0,0,1,0,0,4,1,0,1,4,1,0,0,1,0,1,0,0,0,0,0,0,0,0,0,0,0,0,0,0,0,0,0,0,0,0,0,0,0,0,
云南,保山市,9,0,0,0,0,0,0,0,0,0,0,0,2,1,1,1,1,1,1,0,0,0,0,1,0,0,0,0,0,0,0,0,0,0,0,0,0,0,0,0,0,0,0,0,0,0,0,0,0,
云南,昭通市,25,0,0,0,0,0,0,0,0,0,0,0,1,0,1,2,0,2,0,2,1,1,0,0,0,2,0,2,0,0,5,6,0,0,0,0,0,0,0,0,0,0,0,0,0,0,0,0,0,
云南,丽江市,7,0,0,0,0,0,0,0,0,0,1,1,0,3,1,0,0,0,0,1,0,0,0,0,0,0,0,0,0,0,0,0,0,0,0,0,0,0,0,0,0,0,0,0,0,0,0,0,0,
云南,普洱市,4,0,0,0,0,0,0,0,0,0,0,0,0,0,1,2,1,0,0,0,0,0,0,0,0,0,0,0,0,0,0,0,0,0,0,0,0,0,0,0,0,0,0,0,0,0,0,0,0,
云南,临沧市,1,0,0,0,0,0,0,0,0,0,0,0,0,0,0,0,0,1,0,0,0,0,0,0,0,0,0,0,0,0,0,0,0,0,0,0,0,0,0,0,0,0,0,0,0,0,0,0,0,
云南,楚雄州,4,0,0,0,0,0,0,0,0,0,0,0,0,0,0,0,0,0,0,2,1,1,0,0,0,0,0,0,0,0,0,0,0,0,0,0,0,0,0,0,0,0,0,0,0,0,0,0,0,
云南,红河州,9,0,0,0,0,0,0,0,0,0,0,1,0,1,0,2,0,0,1,0,0,0,0,0,0,0,1,0,1,0,1,0,0,0,0,0,0,1,0,0,0,0,0,0,0,0,0,0,0,
云南,文山州,2,0,0,0,0,0,0,0,0,0,0,0,0,0,0,0,0,0,0,0,1,0,0,0,0,0,1,0,0,0,0,0,0,0,0,0,0,0,0,0,0,0,0,0,0,0,0,0,0,
云南,西双版纳州,15,0,0,0,0,0,0,0,0,0,1,0,0,0,5,4,2,0,0,1,0,1,1,0,0,0,0,0,0,0,0,0,0,0,0,0,0,0,0,0,0,0,0,0,0,0,0,0,0,
云南,大理州,13,0,0,0,0,0,0,0,0,0,0,1,0,1,1,1,2,0,1,0,0,0,3,1,0,0,2,0,0,0,0,0,0,0,0,0,0,0,0,0,0,0,0,0,0,0,0,0,0,
云南,德宏州,5,0,0,0,0,0,0,0,0,0,0,0,2,0,0,0,1,0,0,1,1,0,0,0,0,0,0,0,0,0,0,0,0,0,0,0,0,0,0,0,0,0,0,0,0,0,0,0,0,
云南,怒江州,0,0,0,0,0,0,0,0,0,0,0,0,0,0,0,0,0,0,0,0,0,0,0,0,0,0,0,0,0,0,0,0,0,0,0,0,0,0,0,0,0,0,0,0,0,0,0,0,0,
云南,迪庆州,0,0,0,0,0,0,0,0,0,0,0,0,0,0,0,0,0,0,0,0,0,0,0,0,0,0,0,0,0,0,0,0,0,0,0,0,0,0,0,0,0,0,0,0,0,0,0,0,0,
河南,,1272,0,0,0,0,0,0,1,4,4,23,51,45,40,38,72,74,70,71,73,109,89,87,63,66,53,40,32,30,34,15,28,19,15,11,4,4,2,3,1,0,0,0,1,0,0,0,0,0,
河南,郑州市,155,0,0,0,0,0,0,1,1,1,3,12,9,8,3,6,4,6,9,7,13,7,10,10,8,6,4,2,5,4,1,2,4,3,3,1,1,1,0,0,0,0,0,0,0,0,0,0,0,
河南,开封市,26,0,0,0,0,0,0,0,0,0,0,0,1,1,1,1,2,2,3,0,1,5,1,2,1,3,0,1,0,0,0,0,1,0,0,0,0,0,0,0,0,0,0,0,0,0,0,0,0,
河南,洛阳市,31,0,0,0,0,0,0,0,1,0,0,0,1,0,0,0,1,2,2,0,5,5,4,3,1,0,2,1,1,1,0,1,0,0,0,0,0,0,0,0,0,0,0,0,0,0,0,0,0,
河南,平顶山市,58,0,0,0,0,0,0,0,0,0,1,1,3,0,0,3,2,1,3,5,9,6,7,5,2,2,2,2,1,1,1,1,0,0,0,0,0,0,0,0,0,0,0,0,0,0,0,0,0,
河南,安阳市,52,0,0,0,0,0,0,0,0,0,0,3,4,4,3,2,4,4,0,4,4,2,2,3,3,1,1,1,3,1,0,1,0,0,1,0,1,0,0,0,0,0,0,0,0,0,0,0,0,
河南,鹤壁市,19,0,0,0,0,0,0,0,0,0,0,0,2,0,3,1,0,0,2,0,2,0,0,1,2,4,0,1,1,0,0,0,0,0,0,0,0,0,0,0,0,0,0,0,0,0,0,0,0,
河南,新乡市,55,0,0,0,0,0,0,0,0,0,1,2,1,2,1,4,4,6,0,4,6,6,2,0,2,1,2,2,5,1,1,0,1,1,0,0,0,0,0,0,0,0,0,0,0,0,0,0,0,
河南,焦作市,32,0,0,0,0,0,0,0,0,0,0,0,0,2,0,0,0,0,5,1,4,3,2,1,2,4,1,3,0,1,0,1,0,2,0,0,0,0,0,0,0,0,0,0,0,0,0,0,0,
河南,濮阳市,17,0,0,0,0,0,0,0,0,0,0,0,0,0,1,0,2,0,0,0,1,0,1,0,2,2,1,1,2,0,0,4,0,0,0,0,0,0,0,0,0,0,0,0,0,0,0,0,0,
河南,许昌市,39,0,0,0,0,0,0,0,0,0,0,0,1,1,0,1,5,4,1,2,4,5,2,2,2,1,0,1,2,0,3,0,1,0,0,1,0,0,0,0,0,0,0,0,0,0,0,0,0,
河南,漯河市,35,0,0,0,0,0,0,0,0,0,0,3,3,3,0,2,2,1,2,4,3,1,2,0,3,1,0,1,2,0,0,1,0,0,0,0,1,0,0,0,0,0,0,0,0,0,0,0,0,
河南,三门峡市,7,0,0,0,0,0,0,0,1,0,0,1,1,0,1,1,1,1,0,0,0,0,0,0,0,0,0,0,0,0,0,0,0,0,0,0,0,0,0,0,0,0,0,0,0,0,0,0,0,
河南,南阳市,155,0,0,0,0,0,0,0,0,0,8,7,4,7,5,20,10,5,9,8,15,8,4,7,10,5,1,2,2,7,1,4,1,3,1,0,0,0,0,0,0,0,0,1,0,0,0,0,0,
河南,商丘市,83,0,0,0,0,0,0,0,0,0,0,0,6,1,7,4,9,2,7,6,10,1,4,7,3,7,1,3,0,1,1,2,1,0,0,0,0,0,0,0,0,0,0,0,0,0,0,0,0,
河南,信阳市,274,0,0,0,0,0,0,0,0,1,5,16,1,6,3,10,7,21,18,11,13,26,26,12,16,13,15,8,3,9,3,9,9,1,4,2,1,1,3,1,0,0,0,0,0,0,0,0,0,
河南,周口市,76,0,0,0,0,0,0,0,0,1,3,1,6,4,4,6,11,2,2,7,5,4,3,1,2,0,3,0,1,2,1,1,1,4,1,0,0,0,0,0,0,0,0,0,0,0,0,0,0,
河南,驻马店市,139,0,0,0,0,0,0,0,0,0,2,5,2,1,6,9,5,10,6,12,14,10,16,8,7,3,7,3,2,6,3,1,0,0,1,0,0,0,0,0,0,0,0,0,0,0,0,0,0,
河南,济源示范区,5,0,0,0,0,0,0,0,0,0,0,0,0,0,0,0,0,0,0,2,0,0,1,1,0,0,0,0,0,0,0,0,0,1,0,0,0,0,0,0,0,0,0,0,0,0,0,0,0,
河南,滑县,1,0,0,0,0,0,0,0,0,0,0,0,0,0,0,1,0,0,0,0,0,0,0,0,0,0,0,0,0,0,0,0,0,0,0,0,0,0,0,0,0,0,0,0,0,0,0,0,0,
河南,长垣市,2,0,0,0,0,0,0,0,0,0,0,0,0,0,0,1,1,0,0,0,0,0,0,0,0,0,0,0,0,0,0,0,0,0,0,0,0,0,0,0,0,0,0,0,0,0,0,0,0,
河南,永城市,8,0,0,0,0,0,0,0,0,0,0,0,0,0,0,0,4,3,1,0,0,0,0,0,0,0,0,0,0,0,0,0,0,0,0,0,0,0,0,0,0,0,0,0,0,0,0,0,0,
河南,邓州市,1,0,0,0,0,0,0,0,0,0,0,0,0,0,0,0,0,0,1,0,0,0,0,0,0,0,0,0,0,0,0,0,0,0,0,0,0,0,0,0,0,0,0,0,0,0,0,0,0,
河南,巩义市,2,0,0,0,0,0,0,0,1,1,0,0,0,0,0,0,0,0,0,0,0,0,0,0,0,0,0,0,0,0,0,0,0,0,0,0,0,0,0,0,0,0,0,0,0,0,0,0,0,
甘肃,,91,0,0,0,0,0,0,0,0,2,2,3,7,5,5,1,4,6,5,11,4,2,5,5,4,8,4,3,0,1,3,0,0,0,1,0,0,0,0,0,0,0,0,0,0,0,0,0,0,0,
甘肃,兰州市,36,0,0,0,0,0,0,0,0,1,1,2,4,3,3,-1,2,5,3,3,2,2,0,2,0,1,0,2,0,0,0,0,0,0,1,0,0,0,0,0,0,0,0,0,0,0,0,0,0,0,
甘肃,嘉峪关市,0,0,0,0,0,0,0,0,0,0,0,0,0,0,0,0,0,0,0,0,0,0,0,0,0,0,0,0,0,0,0,0,0,0,0,0,0,0,0,0,0,0,0,0,0,0,0,0,0,0,
甘肃,金昌市,1,0,0,0,0,0,0,0,0,0,0,0,0,1,0,0,0,0,0,0,0,0,0,0,0,0,0,0,0,0,0,0,0,0,0,0,0,0,0,0,0,0,0,0,0,0,0,0,0,0,
甘肃,白银市,4,0,0,0,0,0,0,0,0,1,0,0,0,0,0,0,0,0,0,0,0,0,1,2,0,0,0,0,0,0,0,0,0,0,0,0,0,0,0,0,0,0,0,0,0,0,0,0,0,0,
甘肃,天水市,12,0,0,0,0,0,0,0,0,0,0,0,0,1,0,1,0,1,0,5,2,0,0,0,0,2,0,0,0,0,0,0,0,0,0,0,0,0,0,0,0,0,0,0,0,0,0,0,0,0,
甘肃,武威市,0,0,0,0,0,0,0,0,0,0,0,0,0,0,0,0,0,0,0,0,0,0,0,0,0,0,0,0,0,0,0,0,0,0,0,0,0,0,0,0,0,0,0,0,0,0,0,0,0,0,
甘肃,张掖市,2,0,0,0,0,0,0,0,0,0,0,0,1,0,1,0,0,0,0,0,0,0,0,0,0,0,0,0,0,0,0,0,0,0,0,0,0,0,0,0,0,0,0,0,0,0,0,0,0,0,
甘肃,平凉市,9,0,0,0,0,0,0,0,0,0,0,0,0,0,1,0,0,0,0,0,0,0,0,0,1,2,3,1,0,0,1,0,0,0,0,0,0,0,0,0,0,0,0,0,0,0,0,0,0,0,
甘肃,酒泉市,0,0,0,0,0,0,0,0,0,0,0,0,0,0,0,0,0,0,0,0,0,0,0,0,0,0,0,0,0,0,0,0,0,0,0,0,0,0,0,0,0,0,0,0,0,0,0,0,0,0,
甘肃,庆阳市,3,0,0,0,0,0,0,0,0,0,0,0,0,0,0,0,0,0,0,1,0,0,1,0,0,0,1,0,0,0,0,0,0,0,0,0,0,0,0,0,0,0,0,0,0,0,0,0,0,0,
甘肃,定西市,9,0,0,0,0,0,0,0,0,0,0,1,0,0,0,1,0,0,1,0,0,0,2,0,3,0,0,0,0,0,1,0,0,0,0,0,0,0,0,0,0,0,0,0,0,0,0,0,0,0,
甘肃,陇南市,4,0,0,0,0,0,0,0,0,0,0,0,1,0,0,0,2,0,0,1,0,0,0,0,0,0,0,0,0,0,0,0,0,0,0,0,0,0,0,0,0,0,0,0,0,0,0,0,0,0,
甘肃,临夏州,3,0,0,0,0,0,0,0,0,0,1,0,1,0,0,0,0,0,0,1,0,0,0,0,0,0,0,0,0,0,0,0,0,0,0,0,0,0,0,0,0,0,0,0,0,0,0,0,0,0,
甘肃,甘南州,8,0,0,0,0,0,0,0,0,0,0,0,0,0,0,0,0,0,1,0,0,0,1,1,0,3,0,0,0,1,1,0,0,0,0,0,0,0,0,0,0,0,0,0,0,0,0,0,0,0,
青海,,18,0,0,0,0,0,0,0,0,0,0,1,3,2,0,0,2,1,0,4,2,2,1,0,0,0,0,0,0,0,0,0,0,0,0,0,0,0,0,0,0,0,0,0,0,0,0,0,0,
青海,西宁市,15,0,0,0,0,0,0,0,0,0,0,1,3,2,0,0,2,1,0,3,0,2,1,0,0,0,0,0,0,0,0,0,0,0,0,0,0,0,0,0,0,0,0,0,0,0,0,0,0,
青海,海东市,0,0,0,0,0,0,0,0,0,0,0,0,0,0,0,0,0,0,0,0,0,0,0,0,0,0,0,0,0,0,0,0,0,0,0,0,0,0,0,0,0,0,0,0,0,0,0,0,0,
青海,海北州,3,0,0,0,0,0,0,0,0,0,0,0,0,0,0,0,0,0,0,1,2,0,0,0,0,0,0,0,0,0,0,0,0,0,0,0,0,0,0,0,0,0,0,0,0,0,0,0,0,
青海,黄南州,0,0,0,0,0,0,0,0,0,0,0,0,0,0,0,0,0,0,0,0,0,0,0,0,0,0,0,0,0,0,0,0,0,0,0,0,0,0,0,0,0,0,0,0,0,0,0,0,0,
青海,海南州,0,0,0,0,0,0,0,0,0,0,0,0,0,0,0,0,0,0,0,0,0,0,0,0,0,0,0,0,0,0,0,0,0,0,0,0,0,0,0,0,0,0,0,0,0,0,0,0,0,
青海,果洛州,0,0,0,0,0,0,0,0,0,0,0,0,0,0,0,0,0,0,0,0,0,0,0,0,0,0,0,0,0,0,0,0,0,0,0,0,0,0,0,0,0,0,0,0,0,0,0,0,0,
青海,玉树州,0,0,0,0,0,0,0,0,0,0,0,0,0,0,0,0,0,0,0,0,0,0,0,0,0,0,0,0,0,0,0,0,0,0,0,0,0,0,0,0,0,0,0,0,0,0,0,0,0,
青海,海西州,0,0,0,0,0,0,0,0,0,0,0,0,0,0,0,0,0,0,0,0,0,0,0,0,0,0,0,0,0,0,0,0,0,0,0,0,0,0,0,0,0,0,0,0,0,0,0,0,0,
福建,,296,0,0,0,0,0,0,0,1,4,13,11,27,17,9,19,19,24,15,20,15,11,10,9,15,11,11,6,5,7,2,4,2,3,2,1,0,0,0,0,0,1,0,2,0,0,0,0,0,
福建,福州市,72,0,0,0,0,0,0,0,1,1,4,4,7,1,6,6,2,7,5,3,6,2,1,1,2,3,1,0,1,0,2,0,2,1,2,0,0,0,0,0,0,0,0,1,0,0,0,0,0,
福建,厦门市,35,0,0,0,0,0,0,0,0,1,2,1,0,1,1,1,6,4,1,1,1,1,0,2,2,0,3,3,1,2,0,0,0,1,0,0,0,0,0,0,0,0,0,0,0,0,0,0,0,
福建,莆田市,56,0,0,0,0,0,0,0,0,0,0,0,9,5,0,3,5,3,2,7,3,1,4,2,3,0,4,0,1,2,0,1,0,0,0,0,0,0,0,0,0,0,0,1,0,0,0,0,0,
福建,三明市,14,0,0,0,0,0,0,0,0,0,1,3,0,4,0,2,0,0,1,0,0,0,0,1,0,1,0,0,0,0,0,0,0,1,0,0,0,0,0,0,0,0,0,0,0,0,0,0,0,
福建,泉州市,47,0,0,0,0,0,0,0,0,1,2,1,6,3,0,5,4,2,5,2,4,2,2,1,0,2,0,1,0,1,0,2,0,0,0,0,0,0,0,0,0,1,0,0,0,0,0,0,0,
福建,漳州市,20,0,0,0,0,0,0,0,0,0,3,1,0,1,1,1,1,3,1,1,0,2,1,0,0,0,0,1,2,0,0,1,0,0,0,0,0,0,0,0,0,0,0,0,0,0,0,0,0,
福建,南平市,20,0,0,0,0,0,0,0,0,0,0,0,2,1,0,0,0,5,0,3,0,1,0,0,2,2,2,1,0,1,0,0,0,0,0,0,0,0,0,0,0,0,0,0,0,0,0,0,0,
福建,龙岩市,6,0,0,0,0,0,0,0,0,0,0,0,0,1,0,0,0,0,0,0,1,0,0,2,1,1,0,0,0,0,0,0,0,0,0,0,0,0,0,0,0,0,0,0,0,0,0,0,0,
福建,宁德市,26,0,0,0,0,0,0,0,0,1,1,1,3,0,1,1,1,0,0,3,0,2,2,0,5,2,1,0,0,1,0,0,0,0,0,1,0,0,0,0,0,0,0,0,0,0,0,0,0,
海南,,168,0,0,0,0,0,0,0,5,4,9,5,8,7,5,3,3,7,6,7,9,11,11,11,12,5,8,6,3,12,0,5,0,0,1,0,5,0,0,0,0,0,0,0,0,0,0,0,0,
海南,海口市,39,0,0,0,0,0,0,0,1,2,0,0,3,1,2,0,0,2,0,2,1,2,0,3,4,0,5,1,0,0,0,4,0,0,1,0,5,0,0,0,0,0,0,0,0,0,0,0,0,
海南,三亚市,54,0,0,0,0,0,0,0,2,1,3,3,1,4,0,0,0,1,2,0,1,4,8,2,5,3,1,4,1,8,0,0,0,0,0,0,0,0,0,0,0,0,0,0,0,0,0,0,0,
海南,三沙市,0,0,0,0,0,0,0,0,0,0,0,0,0,0,0,0,0,0,0,0,0,0,0,0,0,0,0,0,0,0,0,0,0,0,0,0,0,0,0,0,0,0,0,0,0,0,0,0,0,
海南,儋州市,15,0,0,0,0,0,0,0,0,0,3,0,1,1,0,0,0,1,0,1,1,0,2,1,0,0,0,0,0,4,0,0,0,0,0,0,0,0,0,0,0,0,0,0,0,0,0,0,0,
海南,五指山市,0,0,0,0,0,0,0,0,0,0,0,0,0,0,0,0,0,0,0,0,0,0,0,0,0,0,0,0,0,0,0,0,0,0,0,0,0,0,0,0,0,0,0,0,0,0,0,0,0,
海南,琼海市,6,0,0,0,0,0,0,0,0,0,0,0,0,1,0,2,1,0,1,1,0,0,0,0,0,0,0,0,0,0,0,0,0,0,0,0,0,0,0,0,0,0,0,0,0,0,0,0,0,
海南,文昌市,3,0,0,0,0,0,0,0,0,0,0,0,0,0,0,0,0,0,0,1,0,0,0,2,0,0,0,0,0,0,0,0,0,0,0,0,0,0,0,0,0,0,0,0,0,0,0,0,0,
海南,万宁市,13,0,0,0,0,0,0,0,1,1,3,0,2,0,1,0,0,0,0,0,3,0,0,0,1,0,0,1,0,0,0,0,0,0,0,0,0,0,0,0,0,0,0,0,0,0,0,0,0,
海南,东方市,3,0,0,0,0,0,0,0,0,0,0,0,0,0,1,0,0,0,0,0,0,1,1,0,0,0,0,0,0,0,0,0,0,0,0,0,0,0,0,0,0,0,0,0,0,0,0,0,0,
海南,定安县,3,0,0,0,0,0,0,0,0,0,0,0,0,0,0,0,1,0,0,0,2,0,0,0,0,0,0,0,0,0,0,0,0,0,0,0,0,0,0,0,0,0,0,0,0,0,0,0,0,
海南,屯昌县,0,0,0,0,0,0,0,0,0,0,0,0,0,0,0,0,0,0,0,0,0,0,0,0,0,0,0,0,0,0,0,0,0,0,0,0,0,0,0,0,0,0,0,0,0,0,0,0,0,
海南,澄迈县,9,0,0,0,0,0,0,0,0,0,0,1,1,0,0,0,0,0,0,0,1,1,0,2,1,0,0,0,1,0,0,1,0,0,0,0,0,0,0,0,0,0,0,0,0,0,0,0,0,
海南,临高县,6,0,0,0,0,0,0,0,1,0,0,0,0,0,0,0,0,2,1,0,0,1,0,0,0,0,1,0,0,0,0,0,0,0,0,0,0,0,0,0,0,0,0,0,0,0,0,0,0,
海南,白沙县,0,0,0,0,0,0,0,0,0,0,0,0,0,0,0,0,0,0,0,0,0,0,0,0,0,0,0,0,0,0,0,0,0,0,0,0,0,0,0,0,0,0,0,0,0,0,0,0,0,
海南,昌江县,7,0,0,0,0,0,0,0,0,0,0,0,0,0,0,0,1,0,0,2,0,0,0,1,1,0,1,0,1,0,0,0,0,0,0,0,0,0,0,0,0,0,0,0,0,0,0,0,0,
海南,乐东县,2,0,0,0,0,0,0,0,0,0,0,0,0,0,0,0,0,1,0,0,0,0,0,0,0,1,0,0,0,0,0,0,0,0,0,0,0,0,0,0,0,0,0,0,0,0,0,0,0,
海南,陵水县,4,0,0,0,0,0,0,0,0,0,0,1,0,0,0,1,0,0,2,0,0,0,0,0,0,0,0,0,0,0,0,0,0,0,0,0,0,0,0,0,0,0,0,0,0,0,0,0,0,
海南,保亭县,3,0,0,0,0,0,0,0,0,0,0,0,0,0,0,0,0,0,0,0,0,2,0,0,0,1,0,0,0,0,0,0,0,0,0,0,0,0,0,0,0,0,0,0,0,0,0,0,0,
海南,琼中县,1,0,0,0,0,0,0,0,0,0,0,0,0,0,1,0,0,0,0,0,0,0,0,0,0,0,0,0,0,0,0,0,0,0,0,0,0,0,0,0,0,0,0,0,0,0,0,0,0,
宁夏,,74,0,0,0,0,0,0,0,1,1,1,1,3,4,1,5,4,5,2,3,3,-17,12,12,2,2,4,4,5,6,3,3,0,0,0,1,0,0,0,0,0,0,0,1,0,1,0,1,0,
宁夏,银川市,35,0,0,0,0,0,0,0,1,0,0,1,3,2,0,2,2,4,1,3,1,-14,10,9,2,1,0,2,1,1,0,1,0,0,0,0,0,0,0,0,0,0,0,0,0,1,0,1,0,
宁夏,石嘴山市,1,0,0,0,0,0,0,0,0,0,0,0,0,0,0,0,0,0,0,0,1,0,0,0,0,0,0,0,0,0,0,0,0,0,0,0,0,0,0,0,0,0,0,0,0,0,0,0,0,
宁夏,吴忠市,28,0,0,0,0,0,0,0,0,0,0,0,0,2,1,2,0,1,1,0,0,-3,2,3,0,1,3,2,4,3,3,2,0,0,0,1,0,0,0,0,0,0,0,0,0,0,0,0,0,
宁夏,固原市,5,0,0,0,0,0,0,0,0,0,1,0,0,0,0,0,1,0,0,0,0,0,0,0,0,0,1,0,0,2,0,0,0,0,0,0,0,0,0,0,0,0,0,0,0,0,0,0,0,
宁夏,中卫市,4,0,0,0,0,0,0,0,0,1,0,0,0,0,0,0,1,0,0,0,1,0,0,0,0,0,0,0,0,0,0,0,0,0,0,0,0,0,0,0,0,0,0,1,0,0,0,0,0,
宁夏,宁东,1,0,0,0,0,0,0,0,0,0,0,0,0,0,0,1,0,0,0,0,0,0,0,0,0,0,0,0,0,0,0,0,0,0,0,0,0,0,0,0,0,0,0,0,0,0,0,0,0,
西藏,,1,0,0,0,0,0,0,0,0,0,0,0,0,0,0,1,0,0,0,0,0,0,0,0,0,0,0,0,0,0,0,0,0,0,0,0,0,0,0,0,0,0,0,0,0,0,0,0,0,
西藏,拉萨市,1,0,0,0,0,0,0,0,0,0,0,0,0,0,0,1,0,0,0,0,0,0,0,0,0,0,0,0,0,0,0,0,0,0,0,0,0,0,0,0,0,0,0,0,0,0,0,0,0,
西藏,日喀则市,0,0,0,0,0,0,0,0,0,0,0,0,0,0,0,0,0,0,0,0,0,0,0,0,0,0,0,0,0,0,0,0,0,0,0,0,0,0,0,0,0,0,0,0,0,0,0,0,0,
西藏,昌都市,0,0,0,0,0,0,0,0,0,0,0,0,0,0,0,0,0,0,0,0,0,0,0,0,0,0,0,0,0,0,0,0,0,0,0,0,0,0,0,0,0,0,0,0,0,0,0,0,0,
西藏,林芝市,0,0,0,0,0,0,0,0,0,0,0,0,0,0,0,0,0,0,0,0,0,0,0,0,0,0,0,0,0,0,0,0,0,0,0,0,0,0,0,0,0,0,0,0,0,0,0,0,0,
西藏,山南市,0,0,0,0,0,0,0,0,0,0,0,0,0,0,0,0,0,0,0,0,0,0,0,0,0,0,0,0,0,0,0,0,0,0,0,0,0,0,0,0,0,0,0,0,0,0,0,0,0,
西藏,那曲市,0,0,0,0,0,0,0,0,0,0,0,0,0,0,0,0,0,0,0,0,0,0,0,0,0,0,0,0,0,0,0,0,0,0,0,0,0,0,0,0,0,0,0,0,0,0,0,0,0,
西藏,阿里地区,0,0,0,0,0,0,0,0,0,0,0,0,0,0,0,0,0,0,0,0,0,0,0,0,0,0,0,0,0,0,0,0,0,0,0,0,0,0,0,0,0,0,0,0,0,0,0,0,0,
新疆,,76,0,0,0,0,0,0,0,0,2,1,1,1,5,3,1,3,1,3,3,5,3,4,3,3,3,4,6,4,4,2,5,1,4,1,0,0,0,0,0,0,0,0,0,0,0,0,0,0,
新疆,乌鲁木齐市,23,0,0,0,0,0,0,0,0,2,1,0,1,1,1,1,1,0,0,2,2,0,3,3,1,1,0,0,0,1,2,0,0,0,0,0,0,0,0,0,0,0,0,0,0,0,0,0,0,
新疆,克拉玛依市,0,0,0,0,0,0,0,0,0,0,0,0,0,0,0,0,0,0,0,0,0,0,0,0,0,0,0,0,0,0,0,0,0,0,0,0,0,0,0,0,0,0,0,0,0,0,0,0,0,
新疆,吐鲁番市,3,0,0,0,0,0,0,0,0,0,0,0,0,1,0,0,0,0,0,0,0,0,0,0,0,0,0,0,0,0,0,1,1,0,0,0,0,0,0,0,0,0,0,0,0,0,0,0,0,
新疆,哈密市,0,0,0,0,0,0,0,0,0,0,0,0,0,0,0,0,0,0,0,0,0,0,0,0,0,0,0,0,0,0,0,0,0,0,0,0,0,0,0,0,0,0,0,0,0,0,0,0,0,
新疆,昌吉州,4,0,0,0,0,0,0,0,0,0,0,0,0,0,0,0,0,0,0,0,1,1,0,0,0,0,1,1,0,0,0,0,0,0,0,0,0,0,0,0,0,0,0,0,0,0,0,0,0,
新疆,博尔塔拉蒙古州,0,0,0,0,0,0,0,0,0,0,0,0,0,0,0,0,0,0,0,0,0,0,0,0,0,0,0,0,0,0,0,0,0,0,0,0,0,0,0,0,0,0,0,0,0,0,0,0,0,
新疆,巴州,3,0,0,0,0,0,0,0,0,0,0,0,0,0,0,0,0,0,0,0,0,0,1,0,1,1,0,0,0,0,0,0,0,0,0,0,0,0,0,0,0,0,0,0,0,0,0,0,0,
新疆,阿克苏地区,1,0,0,0,0,0,0,0,0,0,0,0,0,0,0,0,1,0,0,0,0,0,0,0,0,0,0,0,0,0,0,0,0,0,0,0,0,0,0,0,0,0,0,0,0,0,0,0,0,
新疆,克孜勒苏柯尔克孜州,0,0,0,0,0,0,0,0,0,0,0,0,0,0,0,0,0,0,0,0,0,0,0,0,0,0,0,0,0,0,0,0,0,0,0,0,0,0,0,0,0,0,0,0,0,0,0,0,0,
新疆,巴音郭楞州,0,0,0,0,0,0,0,0,0,0,0,0,0,0,0,0,0,0,0,0,0,0,0,0,0,0,0,0,0,0,0,0,0,0,0,0,0,0,0,0,0,0,0,0,0,0,0,0,0,
新疆,喀什地区,0,0,0,0,0,0,0,0,0,0,0,0,0,0,0,0,0,0,0,0,0,0,0,0,0,0,0,0,0,0,0,0,0,0,0,0,0,0,0,0,0,0,0,0,0,0,0,0,0,
新疆,和田地区,0,0,0,0,0,0,0,0,0,0,0,0,0,0,0,0,0,0,0,0,0,0,0,0,0,0,0,0,0,0,0,0,0,0,0,0,0,0,0,0,0,0,0,0,0,0,0,0,0,
新疆,伊犁州,19,0,0,0,0,0,0,0,0,0,0,1,0,1,2,0,1,1,0,1,1,2,0,0,0,1,0,0,2,2,0,2,0,2,0,0,0,0,0,0,0,0,0,0,0,0,0,0,0,
新疆,塔城地区,0,0,0,0,0,0,0,0,0,0,0,0,0,0,0,0,0,0,0,0,0,0,0,0,0,0,0,0,0,0,0,0,0,0,0,0,0,0,0,0,0,0,0,0,0,0,0,0,0,
新疆,阿勒泰地区,0,0,0,0,0,0,0,0,0,0,0,0,0,0,0,0,0,0,0,0,0,0,0,0,0,0,0,0,0,0,0,0,0,0,0,0,0,0,0,0,0,0,0,0,0,0,0,0,0,
新疆,石河子市,4,0,0,0,0,0,0,0,0,0,0,0,0,1,0,0,0,0,0,0,0,0,0,0,0,0,0,1,0,0,0,1,0,0,1,0,0,0,0,0,0,0,0,0,0,0,0,0,0,
新疆,阿拉尔市,0,0,0,0,0,0,0,0,0,0,0,0,0,0,0,0,0,0,0,0,0,0,0,0,0,0,0,0,0,0,0,0,0,0,0,0,0,0,0,0,0,0,0,0,0,0,0,0,0,
新疆,图木舒克市,0,0,0,0,0,0,0,0,0,0,0,0,0,0,0,0,0,0,0,0,0,0,0,0,0,0,0,0,0,0,0,0,0,0,0,0,0,0,0,0,0,0,0,0,0,0,0,0,0,
新疆,五家渠市,2,0,0,0,0,0,0,0,0,0,0,0,0,0,0,0,0,0,0,0,1,0,0,0,0,0,0,0,0,0,0,1,0,0,0,0,0,0,0,0,0,0,0,0,0,0,0,0,0,
新疆,铁门关市,0,0,0,0,0,0,0,0,0,0,0,0,0,0,0,0,0,0,0,0,0,0,0,0,0,0,0,0,0,0,0,0,0,0,0,0,0,0,0,0,0,0,0,0,0,0,0,0,0,
新疆,第四师,10,0,0,0,0,0,0,0,0,0,0,0,0,0,0,0,0,0,0,0,0,0,0,0,0,0,3,4,2,1,0,0,0,0,0,0,0,0,0,0,0,0,0,0,0,0,0,0,0,
新疆,第七师,1,0,0,0,0,0,0,0,0,0,0,0,0,1,0,0,0,0,0,0,0,0,0,0,0,0,0,0,0,0,0,0,0,0,0,0,0,0,0,0,0,0,0,0,0,0,0,0,0,
新疆,第九师,3,0,0,0,0,0,0,0,0,0,0,0,0,0,0,0,0,0,3,0,0,0,0,0,0,0,0,0,0,0,0,0,0,0,0,0,0,0,0,0,0,0,0,0,0,0,0,0,0,
新疆,兵团第十二师,3,0,0,0,0,0,0,0,0,0,0,0,0,0,0,0,0,0,0,0,0,0,0,0,1,0,0,0,0,0,0,0,0,2,0,0,0,0,0,0,0,0,0,0,0,0,0,0,0,
北京,,414,0,0,0,0,0,5,5,4,12,10,15,21,8,11,23,18,24,27,29,16,25,21,23,18,11,11,5,10,14,6,3,5,1,6,6,2,1,3,0,0,1,0,10,0,1,2,1,0,
北京,东城区,13,0,0,0,0,0,0,0,0,0,0,1,0,1,0,0,1,0,0,-1,0,4,1,0,1,1,0,0,3,0,0,0,0,0,0,0,0,0,0,0,0,1,0,0,0,0,0,0,0,
北京,西城区,53,0,0,0,0,0,0,1,1,1,1,1,2,0,1,4,1,4,0,9,2,1,5,2,1,1,1,0,4,3,0,0,0,0,1,5,1,0,0,0,0,0,0,0,0,0,0,0,0,
北京,朝阳区,71,0,0,0,0,0,0,0,1,2,2,3,3,6,0,4,1,5,8,-4,5,7,5,3,2,2,1,0,0,0,2,0,0,0,0,0,0,0,2,0,0,1,0,9,0,1,0,0,0,
北京,丰台区,42,0,0,0,0,0,0,1,0,1,0,1,1,0,3,4,0,1,4,1,1,2,0,2,4,1,3,0,2,4,0,2,1,0,1,0,0,1,0,0,0,0,0,1,0,0,0,0,0,
北京,石景山区,14,0,0,0,0,0,0,0,1,0,0,0,1,0,0,0,0,1,1,1,1,1,4,2,0,0,0,0,0,0,1,0,0,0,0,0,0,0,0,0,0,0,0,0,0,0,0,0,0,
北京,海淀区,63,0,0,0,0,0,0,2,0,1,3,4,7,0,4,3,2,9,6,1,3,0,2,0,2,3,2,3,-1,0,2,1,1,0,0,1,0,0,1,0,0,0,0,0,0,0,0,1,0,
北京,门头沟区,3,0,0,0,0,0,0,0,0,0,0,0,0,0,0,1,0,0,0,2,0,0,0,0,0,0,0,0,0,0,0,0,0,0,0,0,0,0,0,0,0,0,0,0,0,0,0,0,0,
北京,房山区,16,0,0,0,0,0,0,0,0,0,0,0,0,0,0,0,0,0,2,2,1,6,0,2,1,0,0,0,0,0,0,0,1,1,0,0,0,0,0,0,0,0,0,0,0,0,0,0,0,
北京,通州区,19,0,0,0,0,0,0,1,0,1,0,2,2,1,0,1,4,1,0,0,0,0,0,1,1,1,0,1,0,0,0,0,1,0,0,0,1,0,0,0,0,0,0,0,0,0,0,0,0,
北京,顺义区,10,0,0,0,0,0,0,0,0,1,0,0,0,0,1,0,0,0,4,-1,0,1,0,2,1,1,0,0,0,0,0,0,0,0,0,0,0,0,0,0,0,0,0,0,0,0,0,0,0,
北京,昌平区,29,0,0,0,0,0,2,0,0,0,1,2,2,0,0,2,3,0,0,1,1,1,0,2,0,0,1,1,0,5,0,0,1,0,4,0,0,0,0,0,0,0,0,0,0,0,0,0,0,
北京,大兴区,39,0,0,0,0,0,2,0,0,0,0,0,3,0,2,3,6,3,2,7,1,0,3,2,0,1,1,0,1,1,1,0,0,0,0,0,0,0,0,0,0,0,0,0,0,0,0,0,0,
北京,怀柔区,7,0,0,0,0,0,0,0,0,0,0,0,0,0,0,1,0,0,0,2,0,1,1,2,0,0,0,0,0,0,0,0,0,0,0,0,0,0,0,0,0,0,0,0,0,0,0,0,0,
北京,平谷区,0,0,0,0,0,0,0,0,0,0,0,0,0,0,0,0,0,0,0,0,0,0,0,0,0,0,0,0,0,0,0,0,0,0,0,0,0,0,0,0,0,0,0,0,0,0,0,0,0,
北京,密云区,7,0,0,0,0,0,0,0,0,0,0,0,0,0,0,0,0,0,0,0,0,0,0,0,4,1,1,0,1,0,0,0,0,0,0,0,0,0,0,0,0,0,0,0,0,0,0,0,0,
北京,延庆区,1,0,0,0,0,0,0,0,0,0,0,0,0,0,0,0,0,0,0,1,0,0,0,0,0,0,0,0,0,0,0,0,0,0,0,0,0,0,0,0,0,0,0,0,0,0,0,0,0,
北京,外地来京人员,25,0,0,0,0,0,1,0,1,5,3,1,0,0,0,0,0,0,0,8,1,1,0,3,1,-1,1,0,0,1,0,0,0,0,0,0,0,0,0,0,0,-1,0,0,0,0,0,0,0,
北京,境外输入人员,2,0,0,0,0,0,0,0,0,0,0,0,0,0,0,0,0,0,0,0,0,0,0,0,0,0,0,0,0,0,0,0,0,0,0,0,0,0,0,0,0,0,0,0,0,0,2,0,0,
天津,,136,0,0,0,0,0,0,2,0,3,3,2,4,9,1,3,4,1,9,7,15,4,2,10,2,9,4,1,0,17,7,1,2,2,1,3,2,1,2,2,0,0,0,0,1,0,0,0,0,
天津,和平区,6,0,0,0,0,0,0,0,0,1,0,0,0,0,0,1,1,0,0,1,2,0,0,0,0,0,0,0,0,0,0,0,0,0,0,0,0,0,0,0,0,0,0,0,0,0,0,0,0,
天津,河东区,15,0,0,0,0,0,0,1,0,0,1,0,0,3,0,0,0,0,1,3,1,0,0,0,0,0,0,1,0,2,1,0,0,1,0,0,0,0,0,0,0,0,0,0,0,0,0,0,0,
天津,河西区,4,0,0,0,0,0,0,0,0,0,0,0,0,3,0,0,0,0,0,0,0,1,0,0,0,0,0,0,0,0,0,0,0,0,0,0,0,0,0,0,0,0,0,0,0,0,0,0,0,
天津,南开区,6,0,0,0,0,0,0,0,0,1,0,1,0,0,0,0,0,0,0,0,1,0,0,0,0,0,0,0,0,1,2,0,0,0,0,0,0,0,0,0,0,0,0,0,0,0,0,0,0,
天津,河北区,12,0,0,0,0,0,0,0,0,1,1,0,3,2,0,0,1,0,1,0,1,0,0,0,0,0,0,0,0,2,0,0,0,0,0,0,0,0,0,0,0,0,0,0,0,0,0,0,0,
天津,红桥区,2,0,0,0,0,0,0,0,0,0,0,0,0,1,0,0,1,0,0,0,0,0,0,0,0,0,0,0,0,0,0,0,0,0,0,0,0,0,0,0,0,0,0,0,0,0,0,0,0,
天津,东丽区,4,0,0,0,0,0,0,0,0,0,0,0,0,0,0,0,0,0,3,0,0,0,0,1,0,0,0,0,0,0,0,0,0,0,0,0,0,0,0,0,0,0,0,0,0,0,0,0,0,
天津,西青区,4,0,0,0,0,0,0,1,0,0,0,0,0,0,1,0,0,0,0,0,1,0,0,1,0,0,0,0,0,0,0,0,0,0,0,0,0,0,0,0,0,0,0,0,0,0,0,0,0,
天津,津南区,2,0,0,0,0,0,0,0,0,0,0,0,0,0,0,0,0,0,0,0,0,1,0,0,0,0,0,0,0,0,0,0,0,0,0,0,0,0,0,0,0,0,0,0,1,0,0,0,0,
天津,北辰区,6,0,0,0,0,0,0,0,0,0,0,0,0,0,0,0,0,0,0,0,0,0,0,1,0,0,0,0,0,4,1,0,0,0,0,0,0,0,0,0,0,0,0,0,0,0,0,0,0,
天津,武清区,2,0,0,0,0,0,0,0,0,0,0,0,0,0,0,0,0,0,0,0,0,0,0,0,0,1,0,0,0,0,0,1,0,0,0,0,0,0,0,0,0,0,0,0,0,0,0,0,0,
天津,宝坻区,60,0,0,0,0,0,0,0,0,0,0,0,0,0,0,0,0,0,3,2,6,2,2,6,2,8,4,0,0,8,3,0,2,1,1,3,2,1,2,2,0,0,0,0,0,0,0,0,0,
天津,滨海新区,3,0,0,0,0,0,0,0,0,0,1,0,0,0,0,0,1,0,0,0,0,0,0,1,0,0,0,0,0,0,0,0,0,0,0,0,0,0,0,0,0,0,0,0,0,0,0,0,0,
天津,宁河区,4,0,0,0,0,0,0,0,0,0,0,0,0,0,0,0,0,1,1,1,1,0,0,0,0,0,0,0,0,0,0,0,0,0,0,0,0,0,0,0,0,0,0,0,0,0,0,0,0,
天津,静海区,0,0,0,0,0,0,0,0,0,0,0,0,0,0,0,0,0,0,0,0,0,0,0,0,0,0,0,0,0,0,0,0,0,0,0,0,0,0,0,0,0,0,0,0,0,0,0,0,0,
天津,蓟州区,0,0,0,0,0,0,0,0,0,0,0,0,0,0,0,0,0,0,0,0,0,0,0,0,0,0,0,0,0,0,0,0,0,0,0,0,0,0,0,0,0,0,0,0,0,0,0,0,0,
天津,外地来津,6,0,0,0,0,0,0,0,0,0,0,1,1,0,0,2,0,0,0,0,2,0,0,0,0,0,0,0,0,0,0,0,0,0,0,0,0,0,0,0,0,0,0,0,0,0,0,0,0,
全国,,80151,41,4,17,59,78,92,149,131,296,459,661,786,1751,1442,1741,1980,2102,2586,2829,3230,3873,3702,3143,3395,2640,2982,2471,2003,14116,5070,2652,2008,2042,1852,1801,818,694,397,648,409,508,406,433,327,427,573,202,125,0,